156 158 177 169 182 160 155 150 145 161 150 160 165 160 170 158 165 157 181 152 145 168 147 160 143 156 162 155 150 155 160 159 197 199 203 205 198 175 142 118 125 114 115 130 135 126 119 121 115 131 142 134 114 107 120 137 176 176 184 202 217 213 190 169 132 129 140 137 123 133 142 126 130 131 133 134 134 134 133 132 130 161 148 139 144 142 151 150 151 141 143 143 134 140 148 144 144 137 137 143 142 136 136 142 134 134 135 137 141 147 152 156 132 130 129 129 131 131 130 128 132 134 141 145 136 126 131 144 125 147 153 142 150 185 211 214 212 201 187 167 135 104 92 94 146 155 181 207 202 207 201 140 135 139 136 130 134 143 140 129 132 132 132 133 133 133 134 134 140 136 134 140 149 155 153 149 157 147 144 151 150 143 145
152 148 161 179 182 148 163 146 141 144 179 160 168 145 158 151 146 153 167 171 165 154 143 142 157 154 155 156 150 149 167 189 199 200 201 196 183 159 132 114 122 118 121 128 128 125 136 153 144 151 153 141 122 114 122 134 147 159 180 200 211 212 204 197 165 132 122 130 131 137 144 135 131 130 130 130 130 131 132 133 129 152 145 141 141 142 153 148 150 140 142 143 135 139 148 142 143 137 136 142 142 135 135 141 134 134 134 136 140 146 151 154 135 134 132 131 130 129 127 126 128 129 135 140 134 124 126 136 134 132 135 152 180 203 210 206 214 196 172 148 121 100 99 110 150 161 184 208 203 207 201 143 144 137 132 134 137 137 135 133 134 134 134 134 135 135 135 136 130 127 125 130 138 143 142 138 145 141 141 146 149 149 154
147 144 149 186 184 144 164 141 154 135 183 158 156 143 152 149 142 159 154 184 178 143 152 141 168 159 152 150 149 159 186 215 203 203 197 183 161 137 119 109 118 115 116 118 114 111 120 133 153 152 147 136 125 118 118 121 123 146 175 194 200 203 211 218 198 152 121 122 133 145 149 140 144 142 138 135 136 139 143 146 128 138 140 143 138 142 155 146 147 139 142 143 135 139 146 140 142 136 135 141 141 134 134 140 134 133 134 135 139 144 148 152 137 137 136 133 130 127 126 126 130 128 133 141 138 129 127 133 142 126 134 174 208 214 208 208 204 183 158 136 115 102 108 122 156 170 189 209 205 207 202 149 155 138 130 136 138 131 130 137 136 136 137 137 137 138 138 138 132 130 129 133 139 143 142 140 141 146 149 150 158 171 179
146 154 156 178 185 158 153 140 174 142 157 159 141 154 162 159 158 172 156 174 169 146 167 160 169 166 156 147 158 186 208 216 207 204 193 170 143 121 112 110 125 121 121 128 133 130 123 117 144 141 137 136 135 130 121 113 122 142 167 182 187 192 203 213 207 184 153 131 132 147 149 136 149 145 139 135 135 140 147 151 128 126 137 145 138 144 155 144 145 137 141 143 135 138 144 137 141 134 134 140 140 133 133 139 134 133 133 134 136 141 145 148 134 136 137 135 131 129 130 132 137 134 137 146 146 139 137 143 151 147 164 199 215 208 206 216 184 166 148 135 122 113 117 127 160 178 193 208 205 207 202 157 157 144 134 134 135 132 131 134 138 138 138 139 139 140 140 140 135 135 135 138 141 143 144 143 133 144 150 150 161 182 193
149 170 173 163 182 183 139 143 171 149 148 168 152 152 178 168 161 169 164 156 152 156 167 167 169 165 158 162 184 209 213 204 205 199 183 158 132 115 113 116 114 116 119 126 135 140 135 128 144 142 142 149 154 148 130 113 125 134 149 163 174 185 193 199 203 207 192 165 147 141 138 136 137 133 127 123 124 128 135 139 131 121 135 146 142 147 151 143 141 134 140 144 135 137 142 134 139 133 133 138 138 131 131 137 134 133 132 132 134 138 142 144 129 134 138 137 132 130 134 139 135 133 137 145 145 140 145 155 174 183 198 210 210 205 205 210 173 154 136 127 122 119 126 138 159 182 194 204 205 207 204 167 151 149 141 132 133 139 136 128 138 138 138 139 139 140 140 140 131 132 134 135 135 136 137 139 121 133 139 140 152 174 185
152 171 176 155 173 196 141 148 152 145 166 177 179 138 180 168 146 151 165 148 144 159 153 155 169 159 164 190 212 213 202 195 194 184 165 143 125 117 117 121 115 124 125 117 115 123 133 136 146 143 144 152 158 151 131 114 118 120 126 142 162 179 189 192 200 211 212 201 178 142 127 140 133 131 127 124 125 128 132 135 136 124 137 147 149 151 143 144 138 132 140 144 135 137 140 131 138 132 131 137 137 130 130 136 134 132 131 131 132 135 139 141 131 138 143 140 132 129 134 141 125 126 132 137 134 133 149 169 202 209 211 209 208 208 198 185 168 143 119 110 111 117 132 148 155 183 191 199 203 206 205 177 143 148 144 135 136 145 139 125 136 136 137 137 137 138 138 138 134 137 140 139 137 136 139 142 130 136 140 144 154 168 177
153 154 159 161 160 190 162 152 151 142 172 174 183 141 161 165 141 143 157 151 148 153 146 153 158 163 183 210 220 209 194 187 177 163 144 128 121 120 121 122 135 145 144 131 126 134 141 141 145 142 141 148 156 156 146 135 112 111 115 129 148 167 180 185 196 209 212 213 205 167 135 137 134 133 133 132 133 134 135 136 141 131 140 147 158 155 135 145 136 131 139 144 136 136 138 129 137 131 130 136 136 129 129 135 133 132 130 129 130 133 136 138 140 147 150 143 130 123 127 134 120 125 133 134 127 130 158 189 214 215 213 209 209 204 184 162 152 128 106 101 106 113 127 141 149 180 187 193 201 205 206 185 139 140 141 143 146 146 138 128 134 134 134 134 135 135 135 136 136 140 144 142 137 135 139 144 149 146 148 155 161 165 172
153 135 139 170 150 179 182 154 168 146 158 165 167 158 139 163 151 147 149 156 153 145 152 164 145 174 204 215 214 207 193 180 164 148 129 118 118 121 123 122 119 127 130 129 137 149 144 128 150 146 145 152 164 173 175 173 112 112 116 124 137 154 169 177 191 210 208 206 217 197 152 127 126 127 129 130 130 130 129 128 145 136 142 147 164 157 130 146 135 130 139 144 136 136 138 128 136 130 130 136 135 129 128 134 133 132 130 129 130 132 135 137 148 155 157 146 129 118 120 126 122 130 139 138 128 133 169 208 210 212 213 213 208 194 171 153 131 114 101 104 111 113 117 123 144 178 184 189 200 204 207 190 139 132 137 151 155 144 134 133 132 132 132 133 133 133 134 134 125 131 135 133 126 124 128 134 154 145 144 155 158 154 159
147 142 149 149 139 148 167 171 153 153 147 162 159 156 169 140 164 153 142 139 145 153 156 156 177 200 216 216 212 207 190 170 155 132 116 120 130 130 126 124 124 141 135 149 152 156 135 143 158 157 152 170 172 156 163 165 132 124 119 120 122 131 154 178 188 192 200 211 216 208 189 174 135 135 135 135 136 136 134 133 140 143 135 153 152 133 144 145 141 141 138 132 128 130 139 147 149 138 136 143 139 127 124 132 119 135 133 147 146 133 140 129 142 166 146 137 133 118 129 137 122 133 142 144 157 182 203 211 207 204 202 202 197 181 158 140 111 110 109 111 114 120 127 131 139 160 170 197 209 204 210 199 143 147 143 134 135 142 136 121 130 130 131 133 134 135 136 137 137 138 138 139 140 141 141 142 139 139 141 143 145 147 148
142 139 148 152 146 155 173 175 145 147 154 148 151 166 160 142 157 153 150 153 160 164 163 159 198 207 211 207 205 200 177 152 132 120 114 119 123 121 122 128 118 138 155 155 151 136 135 142 161 159 151 165 165 152 161 163 155 132 114 112 121 131 147 162 176 181 190 201 209 210 204 198 178 149 121 118 135 147 140 127 129 138 142 151 147 138 145 148 138 138 136 132 129 132 141 149 147 138 134 139 137 128 128 136 137 137 127 128 129 128 135 133 125 159 162 143 123 116 126 131 125 122 136 170 200 211 212 213 202 202 201 195 182 161 136 120 103 104 105 110 117 125 133 138 138 157 169 195 207 204 209 199 134 135 133 133 138 143 141 133 141 141 141 141 142 142 142 142 137 137 138 139 139 140 141 141 139 139 141 143 145 147 148
157 152 160 161 150 153 162 159 154 149 161 150 159 171 150 157 152 151 154 163 176 188 194 196 212 212 208 203 200 185 152 120 114 112 116 123 122 118 123 135 127 133 157 144 140 128 154 162 166 163 149 156 155 146 158 160 171 146 122 114 116 121 132 145 164 172 182 191 198 204 211 216 212 188 157 139 136 136 130 123 119 137 159 156 146 143 137 140 133 134 135 132 130 134 143 151 145 137 132 134 133 130 133 140 138 128 128 128 135 141 132 130 136 151 175 165 139 129 127 131 145 159 185 207 209 201 204 216 195 196 193 180 158 133 112 101 103 104 107 111 118 125 131 135 135 152 167 192 205 203 206 198 148 139 135 138 140 136 132 131 137 136 135 134 133 132 131 131 136 136 137 138 138 139 140 140 139 139 141 143 145 147 148
153 149 158 164 157 161 168 162 159 145 146 151 161 146 128 156 169 165 160 161 170 184 197 206 212 210 206 199 187 161 125 96 116 114 120 129 130 125 128 137 133 127 146 146 144 149 175 174 168 166 148 149 146 142 157 158 170 157 142 130 115 107 117 133 152 163 176 184 188 194 204 213 212 211 203 186 164 147 140 139 132 153 183 163 143 140 123 125 128 131 133 133 132 136 144 151 141 136 132 131 131 132 136 141 135 121 131 132 145 156 135 131 137 122 163 191 185 179 169 181 202 206 206 202 206 211 205 193 185 184 177 157 132 111 101 99 111 112 113 115 117 120 122 124 131 146 165 188 201 203 202 197 165 149 141 146 146 135 131 135 147 146 144 142 140 138 137 136 135 135 135 136 137 138 138 139 139 139 141 143 145 147 148
155 149 156 163 159 164 169 161 170 168 150 162 166 137 137 155 159 159 160 164 172 184 198 207 209 202 191 176 155 130 111 102 123 116 117 128 133 129 128 131 127 133 152 173 159 168 170 164 168 168 149 145 142 143 159 157 165 158 151 144 128 112 111 120 132 145 162 173 179 186 195 203 204 204 206 208 207 198 184 173 176 185 197 161 131 129 116 123 126 130 134 134 133 136 143 149 137 137 134 130 130 134 137 137 143 125 127 123 134 148 132 132 139 125 172 208 211 211 204 215 214 215 210 201 203 209 205 194 171 166 152 131 111 102 105 112 112 113 115 117 118 120 120 120 126 139 163 183 197 203 199 197 171 155 147 153 154 147 145 151 146 145 143 142 139 137 136 135 133 133 134 135 136 136 137 137 139 139 141 143 145 147 148
163 152 155 159 155 160 165 155 172 189 168 167 162 149 161 154 151 163 180 195 203 208 212 216 205 185 161 139 119 107 112 124 123 114 112 122 128 127 127 132 142 155 162 177 153 160 155 160 164 169 151 145 144 148 164 158 163 151 145 149 146 132 120 116 112 122 138 154 167 178 188 194 207 204 204 211 220 220 212 202 219 213 198 160 130 123 124 135 127 131 135 136 134 135 140 145 133 139 138 132 132 136 134 128 141 130 127 124 129 134 125 122 152 169 202 211 206 210 209 210 202 206 215 216 201 180 176 185 150 141 126 110 100 101 110 119 103 106 112 117 121 124 125 125 122 132 161 179 194 203 195 196 188 174 162 157 154 148 145 145 134 133 133 132 131 129 129 128 132 132 133 133 134 135 136 136 139 139 141 143 145 147 148
152 139 142 149 153 166 177 170 173 183 182 169 158 165 176 166 189 201 216 222 217 206 198 195 186 158 130 116 108 105 115 130 118 114 117 124 126 126 136 151 163 165 155 150 148 150 149 158 159 168 154 147 148 154 170 160 156 146 143 150 152 143 134 133 112 113 118 131 148 164 175 180 197 202 209 212 211 210 210 212 223 216 196 180 156 135 137 140 129 133 137 137 134 133 136 140 130 140 143 136 134 137 130 118 135 135 126 129 132 134 143 142 167 200 209 209 210 213 218 213 212 200 195 202 199 177 151 136 127 117 105 98 98 103 108 110 103 107 113 118 122 124 123 123 119 127 159 176 191 202 192 196 201 192 174 156 147 144 137 129 137 137 137 137 137 138 138 138 131 131 132 132 133 134 135 135 139 139 141 143 145 147 148
158 143 141 146 148 161 172 165 211 198 219 207 191 207 210 215 206 213 219 215 202 189 181 179 164 135 112 112 116 114 114 120 115 118 127 132 128 129 150 174 164 155 143 132 165 157 149 143 155 168 155 150 151 159 173 162 146 145 148 152 147 140 144 156 124 116 110 116 132 150 161 164 174 185 199 208 212 212 211 211 203 206 196 207 191 152 145 134 130 135 139 138 134 131 133 136 129 142 147 139 136 137 127 112 144 144 120 121 127 140 179 191 207 226 208 213 224 212 210 203 191 202 204 189 172 159 144 130 111 102 94 94 100 104 102 98 112 114 118 121 121 119 116 113 118 125 158 174 189 202 191 195 193 189 172 151 144 148 143 131 125 126 127 128 129 130 131 132 130 130 131 132 133 133 134 134 139 139 141 143 145 147 148
142 148 153 154 153 157 168 177 204 209 216 222 223 219 214 210 212 206 204 204 192 170 154 151 101 108 115 116 113 110 110 111 110 121 156 155 156 170 160 164 145 138 142 157 164 155 144 140 175 160 151 153 152 148 156 171 181 160 153 140 145 158 153 159 132 120 112 113 114 119 136 154 156 177 191 189 189 197 200 194 203 212 208 203 204 190 174 175 127 128 129 131 132 134 135 135 143 143 141 139 137 136 134 133 155 148 142 147 164 187 206 216 211 216 214 205 201 205 202 195 193 174 164 167 160 135 110 100 94 94 96 98 100 102 104 104 111 113 116 119 120 119 118 116 126 107 138 162 191 194 213 199 205 192 150 144 144 127 137 149 129 129 129 129 129 129 129 129 132 131 129 128 129 131 134 136 130 133 139 144 148 148 147
140 148 157 163 165 169 176 183 220 220 219 218 217 215 214 213 199 194 193 191 175 147 125 118 114 115 115 110 106 106 111 117 130 145 149 154 160 158 159 160 152 142 140 149 155 151 148 149 165 152 147 154 159 157 162 172 161 157 166 155 149 153 148 158 151 137 125 121 116 112 119 131 138 158 171 171 171 178 179 173 189 201 202 204 213 207 197 201 165 162 157 150 143 136 131 128 145 147 151 157 162 168 172 174 179 188 199 202 199 200 207 214 207 216 218 209 200 191 174 158 160 162 166 159 129 94 82 89 94 96 99 103 108 112 115 117 113 116 120 125 127 128 128 127 125 110 132 161 184 194 208 200 205 188 144 136 139 126 133 143 131 131 131 131 131 131 131 131 132 131 129 128 129 131 134 136 133 136 140 144 146 145 144
162 162 161 160 162 171 185 195 216 218 219 219 217 213 208 205 192 181 171 162 144 118 103 100 110 112 113 111 109 112 120 127 150 166 141 150 164 147 151 152 160 146 138 142 147 147 151 159 155 146 145 156 167 169 168 169 157 156 167 157 150 152 148 159 162 148 136 130 122 111 109 115 117 131 143 147 151 160 164 162 174 187 191 198 212 212 207 214 216 214 211 206 201 197 193 191 197 199 201 204 207 210 212 213 206 206 208 212 214 213 210 207 194 198 193 179 169 165 156 144 157 146 135 123 106 90 88 94 79 82 87 95 102 109 115 117 109 112 116 120 122 122 121 120 125 115 125 159 174 195 201 202 206 185 141 127 134 127 129 136 134 134 134 134 134 134 134 134 133 131 129 128 129 132 135 137 138 140 142 143 143 142 139
156 156 159 165 177 194 211 222 209 210 212 212 209 203 197 193 181 162 141 127 113 101 102 110 111 109 103 99 103 118 139 156 153 165 138 143 165 148 137 144 159 147 141 144 146 145 151 161 151 147 149 161 173 174 167 160 169 156 155 144 146 157 153 162 159 146 137 136 131 121 115 117 109 114 120 126 136 149 160 165 165 177 179 183 197 198 193 200 198 199 201 203 205 207 209 210 216 216 214 212 210 208 206 206 217 210 202 201 202 201 194 187 191 187 171 149 139 143 145 141 107 88 70 67 75 80 78 74 96 97 100 103 107 110 112 114 112 113 116 118 118 116 113 112 129 123 119 156 166 195 197 207 209 188 146 127 134 133 129 134 137 137 137 137 137 137 137 137 133 132 130 129 130 132 135 137 143 143 143 141 140 138 136
163 171 185 201 213 218 217 215 214 213 209 203 194 183 174 168 146 129 113 105 99 96 104 117 97 105 114 121 124 129 135 141 140 147 142 135 159 156 126 140 151 146 146 152 151 146 149 157 152 155 160 166 172 172 161 150 163 153 156 146 146 156 153 163 159 145 137 140 139 130 122 122 119 114 111 115 124 135 147 156 155 166 165 168 181 182 178 186 201 202 203 205 207 209 210 211 203 203 204 204 205 205 206 206 195 201 204 200 189 181 179 181 135 146 150 142 129 114 92 71 59 67 76 80 83 84 82 78 84 86 91 97 103 109 113 116 114 116 120 123 125 125 124 123 132 127 115 146 161 190 192 209 211 194 160 135 139 141 132 136 137 137 137 137 137 137 137 137 134 132 130 129 130 133 136 138 146 144 142 139 137 135 134
207 209 213 219 222 218 207 199 204 205 205 197 180 157 134 120 104 97 97 102 103 98 99 106 101 114 130 139 137 129 122 119 126 136 147 130 146 159 130 139 145 144 150 158 156 147 147 154 153 164 172 170 168 166 157 146 141 149 171 163 151 150 147 163 168 151 140 142 142 133 124 122 133 122 116 120 125 127 130 137 140 150 149 153 167 170 169 179 188 189 191 193 196 198 200 201 209 209 209 209 209 209 209 209 195 190 180 169 159 153 153 154 137 131 113 91 84 94 102 103 70 87 100 100 96 98 98 95 85 87 90 94 99 103 106 108 104 108 113 119 123 125 126 126 129 122 109 128 154 176 184 205 207 200 178 147 145 147 132 137 136 136 136 136 136 136 136 136 134 133 131 130 131 133 136 138 146 143 140 137 134 134 134
219 213 207 206 209 209 205 201 184 178 167 152 134 117 103 95 96 93 97 107 108 100 97 101 131 131 128 122 118 119 127 134 122 145 149 129 133 152 150 141 145 145 152 159 154 145 147 156 149 168 180 172 162 161 158 152 137 148 171 164 151 149 147 164 173 153 139 141 143 137 130 127 135 126 128 143 149 142 134 135 123 133 131 134 149 152 152 162 169 171 174 179 183 188 191 193 199 197 193 188 182 177 173 171 187 169 148 134 131 131 129 125 131 139 142 139 140 146 145 138 135 142 142 136 140 150 150 141 145 143 138 132 125 119 114 112 108 110 113 115 116 115 113 111 122 112 100 105 145 157 173 195 197 201 192 157 147 147 129 136 133 133 133 133 133 133 133 133 134 133 131 130 131 133 137 139 144 141 137 134 133 134 136
212 206 200 199 199 195 184 175 180 154 116 83 70 77 97 112 112 106 105 110 109 102 101 107 112 122 134 140 136 129 124 122 125 160 149 130 124 143 168 143 147 147 152 156 151 143 148 160 144 169 183 172 159 158 161 158 152 149 159 150 147 154 153 166 170 149 135 138 145 143 138 137 129 126 139 166 177 166 152 148 114 122 118 118 130 132 130 140 156 157 159 161 164 166 168 169 177 175 170 164 158 152 147 145 110 117 127 134 138 145 153 160 153 156 153 144 145 156 161 159 138 151 157 154 158 166 162 149 153 152 151 148 146 144 142 142 132 131 129 125 119 112 105 101 115 102 93 89 138 143 165 187 190 200 199 162 147 145 125 134 132 132 132 132 132 132 132 132 135 133 131 130 131 134 137 139 142 140 136 133 132 134 137
196 191 183 176 166 151 134 121 53 48 51 64 72 75 83 95 112 108 102 98 100 107 115 121 113 118 106 112 114 111 127 122 126 129 133 130 136 136 169 143 149 128 157 137 152 144 160 154 167 170 170 162 152 148 152 159 150 150 150 150 149 149 148 148 175 143 139 138 144 143 121 127 131 125 147 175 174 164 163 160 147 132 108 121 109 118 109 119 120 128 137 142 142 145 151 157 146 156 164 159 144 128 121 120 136 136 137 140 147 156 164 170 163 162 147 163 179 182 190 175 181 181 183 185 187 189 190 191 184 180 173 166 161 159 160 161 141 140 133 122 111 105 105 109 102 116 84 119 107 148 162 178 189 203 209 178 160 145 121 136 128 140 144 136 130 132 131 126 122 132 134 127 130 142 144 136 135 135 135 135 135 135 135
163 157 141 116 91 79 80 86 112 117 115 107 107 116 119 114 110 108 104 102 104 109 114 118 108 114 105 114 119 119 135 132 117 138 132 134 124 152 155 137 139 139 168 169 147 147 152 167 170 169 166 159 153 150 151 154 150 150 150 150 149 149 148 148 172 147 138 140 144 140 126 128 132 141 165 180 178 182 179 160 144 145 131 136 122 127 108 101 115 107 98 96 101 105 105 103 100 96 93 99 113 131 145 152 139 145 156 167 177 183 185 186 192 193 180 191 200 199 205 194 196 196 197 198 199 200 201 201 207 204 199 193 188 184 182 181 171 164 155 149 144 131 112 97 91 115 96 107 90 123 156 180 199 197 206 198 188 168 136 138 143 137 134 135 129 122 128 141 130 134 136 134 134 137 136 131 135 135 135 135 135 135 135
112 119 130 143 153 158 158 156 171 174 169 156 151 155 155 148 153 151 146 140 135 130 126 124 122 126 120 125 128 128 138 136 126 152 146 131 124 156 140 130 135 138 174 179 152 142 147 169 173 168 160 155 153 152 150 147 150 150 150 150 149 149 148 148 166 154 138 143 144 135 134 129 137 162 187 188 186 203 197 162 139 147 138 135 127 140 129 117 103 96 89 85 84 78 69 61 62 80 105 126 137 145 152 157 172 176 183 190 195 196 195 194 207 210 203 208 208 204 208 202 208 208 207 207 207 207 206 206 205 206 207 208 208 207 206 205 204 196 182 164 149 139 135 134 115 118 97 84 82 108 151 172 194 190 204 207 204 197 163 134 138 133 132 134 129 123 129 141 137 135 138 142 140 132 127 128 134 134 134 134 134 134 134
137 141 152 171 188 196 192 185 197 187 183 185 182 174 174 181 180 181 182 182 179 174 169 166 160 159 153 149 144 139 138 136 136 144 154 117 139 150 143 146 141 126 171 159 161 133 151 162 173 164 154 151 153 154 149 143 150 150 150 150 149 149 148 148 159 159 141 146 143 132 141 133 146 172 198 198 195 211 204 167 135 141 139 137 135 142 137 131 111 113 111 102 91 84 85 88 114 130 150 159 160 164 175 185 204 201 198 195 195 198 202 205 207 212 212 213 210 206 207 207 216 216 215 214 212 211 210 210 212 214 215 215 212 206 200 196 196 201 202 192 176 161 153 152 149 128 109 82 88 92 135 159 172 185 204 199 197 213 190 137 116 129 137 134 131 134 134 128 140 133 136 147 145 132 126 131 133 133 133 133 133 133 133
189 200 213 216 211 203 200 200 207 198 195 198 197 191 192 200 193 196 200 203 202 199 194 191 194 189 186 177 168 161 152 150 141 132 139 115 140 143 144 166 143 128 169 152 155 136 160 172 167 158 150 148 152 153 149 144 150 150 150 150 149 149 148 148 153 162 147 147 141 132 145 138 158 173 197 205 202 208 202 176 134 135 146 153 151 132 121 118 131 124 113 100 96 106 126 142 160 159 161 169 182 195 206 211 208 206 203 202 203 207 212 216 206 210 217 219 218 218 215 217 213 212 211 210 209 208 207 206 197 200 204 207 208 206 203 200 208 204 200 200 199 191 176 164 153 133 139 114 106 75 102 132 155 178 197 195 192 211 208 166 120 132 137 132 129 134 137 134 138 132 135 146 146 135 132 138 132 132 132 132 132 132 132
193 200 211 219 222 222 221 220 219 223 219 208 206 212 212 207 210 212 214 215 214 210 205 202 208 203 207 199 194 191 179 180 169 157 139 142 130 134 124 147 135 143 173 165 142 153 170 189 156 152 147 146 149 151 151 151 150 150 150 150 149 149 148 148 149 161 156 147 137 136 145 144 170 173 193 207 203 203 199 184 131 127 142 147 150 128 128 132 126 115 103 102 114 133 149 157 161 172 188 201 208 211 213 214 211 212 214 215 212 206 200 197 192 191 203 205 210 215 206 207 183 183 183 183 183 182 182 182 157 162 169 178 186 192 197 199 214 210 205 201 199 196 194 192 155 138 155 142 136 95 84 89 147 165 182 198 200 201 211 201 161 149 139 134 127 125 137 154 141 137 137 140 140 137 138 142 131 131 131 131 131 131 131
237 225 211 208 215 224 227 227 223 227 223 213 211 218 219 214 211 213 216 220 222 223 224 224 214 209 219 213 211 213 200 203 202 195 173 176 146 138 129 124 124 141 172 162 146 169 180 183 144 146 147 146 146 148 154 159 150 150 150 150 149 149 148 148 147 158 166 146 134 140 143 149 179 179 194 205 201 202 203 191 128 128 141 133 142 132 147 151 122 119 120 130 145 158 164 165 184 197 210 211 204 203 213 224 213 213 211 207 199 189 179 174 172 165 176 180 189 197 181 178 157 158 159 160 161 162 163 163 156 155 155 156 158 160 163 165 172 188 206 214 209 201 197 197 176 162 167 151 152 137 102 81 128 150 162 189 204 197 207 211 200 182 161 145 131 126 138 156 149 148 142 134 132 137 140 139 130 130 130 130 130 130 130
212 219 225 226 221 214 211 211 217 209 207 213 214 210 213 222 221 220 219 217 215 214 213 212 219 213 226 220 218 221 206 210 209 206 205 193 180 154 166 131 119 125 168 141 162 175 188 161 137 142 147 146 144 146 156 165 150 150 150 150 149 149 148 148 146 156 172 146 131 144 142 152 183 185 198 203 198 205 208 194 127 139 158 139 146 136 145 134 139 145 151 156 160 169 183 194 197 199 203 206 209 209 209 208 202 197 190 182 177 175 176 177 165 153 164 166 179 188 165 160 157 158 159 161 163 165 167 167 164 161 157 153 152 154 157 159 161 164 172 186 200 209 210 208 194 193 190 155 144 156 131 112 104 140 148 172 198 198 202 198 214 210 190 158 138 137 140 139 156 158 148 130 125 135 139 134 130 130 130 130 130 130 130
214 213 225 213 197 185 162 161 173 171 180 190 197 199 196 197 217 225 217 214 201 195 219 225 221 222 207 222 229 208 211 224 224 220 214 207 199 191 183 179 147 137 131 141 160 172 171 165 140 144 142 161 142 149 147 163 149 153 154 157 156 151 149 145 156 144 154 149 145 148 144 164 179 185 201 206 199 203 199 179 125 133 141 144 142 140 141 143 137 145 163 179 180 179 196 222 204 199 202 205 195 184 184 189 178 176 171 167 162 159 157 157 163 164 156 160 178 174 155 148 155 161 151 149 164 162 152 158 166 148 149 151 142 149 158 145 158 162 165 168 173 184 200 212 203 208 204 189 177 168 154 140 126 130 142 161 182 197 203 204 201 214 222 210 184 164 163 169 166 122 123 137 149 127 136 139 129 129 128 128 127 127 127
222 204 191 160 141 143 142 156 152 158 146 144 162 156 140 148 205 196 175 165 146 140 158 154 168 183 180 201 219 213 220 228 220 219 219 219 215 204 188 176 168 154 135 133 162 187 169 131 139 144 143 153 149 147 145 163 150 152 154 156 155 152 148 146 155 144 153 150 146 147 145 163 177 183 200 205 198 201 198 178 132 137 142 143 140 139 141 144 151 160 175 187 190 193 205 219 225 208 201 194 174 163 169 174 173 172 170 167 163 159 155 153 152 161 161 167 181 172 150 144 151 152 148 150 161 163 159 160 156 144 149 154 148 153 156 142 156 159 162 164 168 178 192 202 202 208 206 193 181 171 156 141 133 134 139 153 171 187 196 199 204 204 205 207 206 201 192 185 143 129 129 138 132 137 137 129 128 128 130 130 130 128 127
164 162 173 164 155 154 143 149 149 177 160 145 154 139 131 155 212 192 170 163 147 148 170 158 142 162 153 161 184 196 215 221 206 213 221 224 219 210 201 195 196 186 160 137 142 160 156 136 137 144 144 141 158 143 143 162 151 151 155 154 153 152 147 147 154 146 153 152 149 147 146 162 175 181 197 202 195 199 196 176 137 140 143 142 139 140 146 151 171 181 190 196 203 211 213 211 205 186 185 183 162 157 169 171 165 167 168 168 164 158 152 148 151 162 161 163 172 164 150 150 149 143 145 152 155 162 164 158 146 139 147 155 153 155 154 141 151 154 157 158 160 167 179 188 201 210 213 205 197 190 176 160 147 141 137 142 156 172 184 189 209 205 203 208 215 214 202 191 133 128 124 141 123 138 132 125 126 128 132 134 133 130 127
148 150 168 165 162 164 153 159 146 171 160 149 149 143 152 164 180 167 155 156 142 146 173 162 157 180 161 148 156 164 172 163 170 189 212 222 220 214 213 215 214 207 190 164 140 130 137 147 136 143 143 132 164 141 140 160 153 149 156 151 150 153 145 149 152 147 152 155 151 146 148 160 172 178 194 199 192 196 193 173 135 139 141 142 143 149 159 168 188 197 202 202 210 219 212 195 169 156 169 179 162 158 168 165 157 160 164 166 163 156 148 143 160 166 156 149 153 152 152 164 152 140 146 153 149 156 162 149 142 139 142 148 152 155 152 145 146 149 152 153 153 158 167 175 192 204 211 209 207 205 194 180 162 151 139 135 143 157 168 175 192 201 209 211 206 201 200 201 155 122 113 140 131 126 124 132 126 129 133 136 136 132 128
147 145 156 149 149 158 157 170 159 153 140 147 147 160 176 144 177 179 176 176 157 151 173 169 137 173 168 159 165 164 156 133 143 157 179 200 214 219 220 219 219 213 203 190 173 153 134 123 136 141 139 129 163 141 138 156 155 147 156 148 147 154 144 151 150 149 151 158 154 145 150 158 168 175 191 196 189 193 189 169 129 135 141 147 153 164 178 188 198 205 207 205 211 214 199 176 165 156 163 169 154 146 150 151 151 154 159 161 159 153 145 140 158 163 153 144 149 148 150 163 157 144 147 151 144 149 152 139 145 142 137 138 146 151 150 151 142 146 150 150 150 153 160 167 189 201 208 206 205 205 196 184 178 164 147 137 139 146 154 157 167 186 204 209 202 199 208 219 188 131 117 131 139 119 128 136 130 131 134 136 136 133 130
147 146 160 155 153 158 153 163 165 158 151 161 147 162 187 138 160 177 172 169 157 144 157 163 127 163 161 159 170 172 167 147 160 148 140 152 180 207 220 222 218 222 213 194 186 181 156 123 137 138 132 132 156 144 138 151 157 145 157 145 144 155 142 153 148 151 150 161 157 144 151 156 165 171 188 193 186 189 186 166 126 134 146 156 166 179 193 203 203 207 209 209 209 200 180 160 168 162 154 150 145 138 143 159 148 150 153 154 153 149 144 140 148 156 151 150 159 153 143 147 157 148 146 147 144 145 143 134 147 146 135 132 144 147 145 151 139 144 150 151 151 154 160 166 202 211 214 209 207 208 203 193 190 178 161 148 144 143 141 140 166 178 193 201 203 204 209 215 207 163 147 129 134 124 139 132 135 135 134 133 133 133 133
175 168 171 155 146 149 145 156 143 164 161 163 144 148 177 143 158 179 160 155 163 150 155 169 155 179 165 157 163 162 162 151 174 157 137 133 149 175 199 212 217 224 217 198 190 191 177 154 138 134 126 140 146 147 139 147 159 144 158 143 142 155 141 155 146 152 150 163 159 144 153 154 163 169 185 190 183 187 184 164 129 140 154 167 178 188 200 208 207 207 211 216 208 186 164 152 153 159 146 142 152 144 144 172 147 147 148 147 146 145 143 142 147 152 146 148 162 157 141 138 149 148 141 140 147 145 138 138 143 148 137 134 148 146 137 142 138 144 151 154 155 158 164 169 193 200 202 198 201 209 210 204 199 189 175 162 153 144 133 125 156 163 175 187 197 202 204 205 212 200 183 148 125 130 142 130 141 138 133 129 129 132 136
150 150 164 159 154 155 145 152 142 177 164 165 166 166 183 155 172 190 154 144 164 152 148 165 144 169 161 163 173 169 169 161 156 162 164 157 148 151 168 185 214 211 210 213 214 202 182 166 140 132 122 145 139 150 140 144 160 143 158 141 141 156 140 155 145 153 149 164 161 143 153 154 162 168 184 189 182 186 182 162 134 146 162 175 184 192 201 207 210 208 214 221 208 178 155 149 141 160 150 148 166 149 135 165 147 146 144 143 142 142 143 144 157 153 138 137 155 156 144 142 141 146 137 135 149 147 138 143 139 148 140 138 153 146 130 134 137 144 152 156 158 161 167 172 159 167 171 171 181 197 206 205 203 195 184 172 160 145 129 117 122 135 154 173 187 198 208 214 212 220 204 173 121 131 137 134 145 140 132 126 126 131 138
138 152 189 163 146 172 162 155 164 171 150 151 171 167 165 144 181 177 147 178 150 159 154 143 155 165 153 180 149 194 154 151 164 185 151 153 157 155 175 137 189 213 216 209 219 221 203 188 173 167 154 125 112 141 163 148 144 156 165 159 145 138 145 154 176 150 140 165 162 149 156 144 153 168 174 185 184 189 194 156 155 154 179 199 196 204 211 199 203 200 197 194 187 173 155 142 147 154 159 156 149 145 147 152 139 141 143 146 146 145 142 141 151 142 151 140 145 168 159 150 135 157 142 143 126 139 147 144 132 142 143 135 135 143 142 132 134 143 148 148 164 150 179 173 166 166 165 164 166 177 193 206 200 208 199 187 181 158 137 139 85 126 143 151 179 191 191 203 211 205 206 210 196 168 145 138 150 140 129 123 123 125 123
154 153 181 159 146 171 165 165 151 161 146 158 169 176 172 153 184 171 171 155 159 152 173 153 164 151 169 165 168 172 157 160 176 167 152 150 160 167 160 143 155 202 221 211 213 219 210 200 194 178 157 131 114 127 155 171 150 152 154 154 151 149 147 146 166 151 146 176 176 153 155 154 142 164 162 171 181 176 173 160 172 172 190 201 194 200 210 204 191 186 179 175 173 169 161 154 146 149 151 150 147 145 146 148 138 140 143 145 146 144 142 141 155 139 142 141 154 172 155 143 138 152 143 136 135 135 150 140 134 138 138 135 135 138 138 134 146 141 141 136 156 153 175 172 154 155 156 155 157 165 178 189 196 198 198 197 189 165 146 144 131 104 117 152 164 178 193 187 198 201 206 215 219 208 180 155 161 132 117 129 139 128 116
173 153 172 158 150 171 167 176 154 166 153 173 161 177 163 145 187 160 178 151 162 148 175 174 169 145 178 158 173 161 153 173 178 153 164 152 155 168 145 157 138 177 201 208 219 220 213 213 203 189 171 158 141 122 134 166 153 146 142 148 158 160 150 139 160 153 151 187 196 163 158 168 139 159 154 164 180 165 159 171 191 189 201 210 206 204 200 186 176 167 158 155 158 164 166 167 146 143 140 141 144 145 143 141 138 140 142 144 145 144 141 140 143 140 150 153 155 154 144 151 142 145 141 129 144 134 151 134 136 132 132 135 135 132 132 136 141 132 143 142 160 162 159 153 146 149 152 152 152 157 166 174 184 190 202 206 196 183 166 146 162 108 96 124 144 166 181 173 197 204 205 205 215 223 211 190 189 153 128 129 131 121 115
181 150 168 164 160 173 166 179 154 169 160 184 157 178 155 143 182 148 160 173 156 153 157 192 165 157 174 164 158 171 146 182 161 156 179 157 145 157 145 169 153 151 160 197 230 224 210 219 211 204 188 179 167 131 116 138 148 142 140 148 160 162 151 139 165 158 150 188 210 178 168 182 152 150 153 171 175 161 165 182 197 197 206 218 219 206 180 155 164 156 148 147 153 161 165 167 148 140 134 134 140 144 141 136 137 139 141 144 144 143 141 139 134 142 152 159 157 141 135 154 144 142 133 132 145 137 147 130 139 129 127 135 135 127 129 139 133 129 152 150 156 159 143 145 148 152 156 157 156 158 165 171 171 183 205 209 200 203 189 152 152 141 100 84 121 150 156 168 191 201 205 201 200 205 210 209 205 191 169 147 130 122 120
176 146 170 175 171 176 162 174 140 163 160 182 159 183 159 161 167 142 150 181 151 159 149 187 157 170 174 163 152 179 149 179 149 168 177 156 142 152 159 163 167 147 141 180 224 224 211 220 225 220 197 182 176 148 120 117 136 139 144 152 157 157 151 146 175 165 149 185 214 192 182 191 168 133 151 177 162 160 178 184 197 205 210 211 205 185 161 148 157 153 150 151 156 159 158 156 153 145 136 134 138 141 139 134 136 138 141 143 143 142 140 138 141 144 138 150 164 147 133 142 141 142 124 142 140 141 139 131 141 130 127 134 134 127 130 141 139 140 156 147 136 144 138 156 148 153 157 157 156 159 165 171 173 172 194 213 211 209 197 171 142 153 120 83 93 116 134 157 170 177 192 205 204 196 197 205 200 199 195 182 164 145 130
165 144 176 182 174 175 158 168 142 171 170 173 162 177 151 167 156 145 158 164 154 161 165 169 155 173 178 153 171 173 160 170 151 172 160 150 149 158 171 151 158 157 152 170 205 219 217 223 220 221 210 198 193 174 137 110 125 135 148 155 155 152 151 152 175 170 161 189 210 197 195 193 177 124 146 171 152 164 186 180 200 213 209 191 173 155 151 164 154 152 151 154 158 157 150 144 162 155 146 140 138 138 138 137 135 137 140 142 142 141 139 137 138 152 137 143 160 144 133 140 136 141 123 148 138 137 133 133 142 136 131 132 132 131 136 142 137 150 159 156 133 136 135 153 143 146 149 149 149 154 163 171 181 165 177 210 219 206 196 196 157 139 138 120 78 75 110 128 151 148 159 182 195 194 196 204 200 182 177 189 186 165 150
157 145 181 181 167 171 157 168 149 183 182 161 167 167 141 170 163 155 157 153 158 160 180 164 157 172 171 152 192 164 165 164 156 165 153 150 153 159 168 153 144 158 162 173 200 215 219 227 211 214 220 218 208 193 165 133 121 132 146 155 156 154 153 153 161 173 183 202 202 194 202 190 186 135 146 162 159 180 191 187 209 214 195 172 163 151 149 165 150 148 147 149 153 152 146 140 171 167 159 148 138 135 138 141 134 136 139 141 141 140 138 136 134 161 139 135 151 140 135 141 132 136 130 147 142 126 132 135 143 143 137 130 130 137 143 143 140 158 155 164 139 137 136 143 141 142 143 142 143 152 165 175 180 173 172 192 212 210 202 206 177 143 143 142 93 56 70 90 118 123 135 151 166 177 187 194 189 170 162 172 174 164 163
153 147 184 177 160 167 158 170 140 178 180 150 173 168 148 186 177 163 145 158 158 160 182 172 160 173 157 162 201 163 161 163 156 157 159 157 153 153 158 166 142 149 158 182 210 215 216 231 220 212 219 219 201 196 193 176 121 130 142 153 159 158 154 150 146 174 201 215 196 189 203 187 194 153 151 158 174 197 196 198 216 208 178 163 174 167 149 149 147 144 140 142 146 148 145 141 177 175 168 154 139 133 138 145 134 136 139 141 141 140 138 136 144 164 127 121 154 153 139 128 130 131 138 143 147 117 133 136 143 148 142 129 129 142 148 143 158 169 142 153 132 135 144 148 143 144 143 141 144 155 171 183 172 188 178 170 198 221 214 203 183 167 144 137 117 58 31 64 75 105 134 143 147 157 165 166 161 167 172 168 160 157 161
166 141 156 184 161 168 160 188 158 172 156 170 177 155 164 177 169 181 153 158 148 161 174 169 146 180 157 170 172 178 168 169 174 144 164 167 159 149 160 142 137 158 184 183 169 181 155 204 222 216 209 216 207 210 215 171 157 150 124 151 174 157 165 179 190 204 211 202 195 195 191 183 175 172 164 163 183 207 213 204 212 187 166 161 157 148 147 153 164 145 130 141 150 144 143 142 164 156 151 150 144 136 138 148 135 131 142 132 146 135 144 138 134 132 144 137 144 158 139 132 135 130 129 131 127 122 128 141 149 142 132 129 136 146 145 139 143 154 128 133 149 141 144 141 137 145 140 150 153 149 159 153 159 169 173 174 187 209 219 214 176 187 145 138 136 55 57 66 80 89 100 110 118 127 138 147 139 145 152 157 157 156 156
162 145 153 173 162 159 161 184 157 172 163 166 169 169 155 180 165 175 159 162 152 166 168 165 174 170 156 172 163 159 170 173 160 150 175 173 159 141 160 159 155 174 184 179 171 181 149 168 193 236 226 215 226 219 203 184 183 157 134 139 171 192 188 188 207 206 205 202 196 188 185 186 173 165 163 173 189 202 209 212 201 183 165 157 154 150 149 151 155 144 144 143 145 145 140 144 163 149 142 150 155 149 140 137 136 132 142 133 145 136 144 140 138 135 143 135 142 156 142 136 143 138 138 139 133 124 127 137 144 133 123 126 141 151 145 134 152 147 139 134 141 144 135 138 139 146 139 147 151 148 160 156 155 164 169 170 182 202 211 209 195 196 166 152 139 96 64 83 99 99 97 92 89 93 103 111 112 114 119 127 135 140 142
157 154 152 158 166 150 164 180 156 170 176 153 171 176 152 180 162 168 165 164 154 173 161 162 185 163 166 173 161 151 174 162 167 154 161 165 175 159 167 160 175 175 169 177 178 174 146 148 140 191 205 211 224 214 203 201 193 169 162 134 146 196 204 207 217 202 194 196 190 175 170 175 167 160 166 184 196 198 205 217 183 177 164 151 149 153 153 148 145 143 159 145 141 150 137 143 160 141 132 148 164 161 143 130 138 135 141 135 143 138 144 142 143 141 143 134 139 153 147 144 140 138 142 147 142 132 132 141 144 140 139 146 155 157 152 148 158 138 149 137 133 145 131 135 143 147 137 144 147 147 162 160 152 160 165 167 176 192 202 203 210 203 187 160 141 136 75 96 113 116 117 111 100 91 88 88 100 97 98 110 127 141 145
156 166 157 150 172 147 170 178 153 172 183 143 179 169 162 176 165 165 167 160 150 175 158 165 167 164 180 167 170 161 173 149 172 157 150 160 189 175 175 160 184 159 147 175 182 160 149 161 155 157 195 231 219 209 217 211 197 182 175 138 124 167 199 208 206 194 185 183 176 164 154 152 159 163 176 192 200 200 204 212 166 170 163 148 146 155 155 147 144 141 164 142 141 160 136 138 156 137 129 144 161 160 147 137 140 138 139 137 141 141 145 146 147 148 144 134 137 150 153 152 127 128 137 148 147 140 141 150 142 151 164 168 158 146 148 158 153 134 145 140 130 140 139 136 146 149 136 141 144 146 163 162 153 159 165 168 173 184 194 200 213 205 194 159 145 148 93 96 119 126 132 131 123 113 107 104 92 85 82 95 117 135 140
156 174 166 153 173 155 176 175 150 183 169 157 173 166 170 173 171 167 164 153 143 171 160 171 158 168 177 156 178 167 164 159 157 163 166 172 182 158 177 178 182 152 146 165 169 148 156 172 160 144 172 205 208 215 223 218 213 199 173 153 131 142 184 188 187 189 184 172 163 158 148 137 155 173 189 197 201 205 201 194 156 164 162 150 147 154 154 147 151 140 157 139 146 168 138 132 152 139 134 142 149 148 148 152 143 142 138 139 138 144 146 149 149 154 147 138 138 148 159 157 126 127 136 147 146 138 140 149 143 150 163 168 152 131 130 144 139 135 133 142 133 133 153 141 146 149 136 141 144 146 163 162 156 160 166 171 173 177 188 200 213 211 198 161 158 143 119 97 123 125 125 121 118 119 126 132 109 101 98 110 132 149 153
155 175 175 161 167 167 176 168 153 185 154 180 159 171 170 173 171 171 159 152 142 167 164 171 171 169 164 153 173 162 154 179 152 164 173 181 176 147 180 181 176 157 164 154 151 147 158 159 140 152 149 150 194 224 215 221 216 216 192 182 151 129 163 174 169 180 177 159 147 147 145 138 163 183 198 203 207 208 193 172 153 160 162 157 152 151 151 149 157 142 148 139 149 164 140 134 147 142 141 143 141 138 146 159 145 145 136 141 135 146 146 153 148 158 150 143 141 147 162 160 140 138 142 147 142 132 133 141 160 151 154 164 157 135 126 132 129 138 128 140 136 130 155 147 143 147 137 144 147 147 162 160 157 159 166 172 170 169 181 197 216 220 204 174 171 141 140 109 122 124 124 122 120 123 131 138 134 131 132 144 161 174 179
150 168 179 169 156 177 170 157 164 166 162 182 160 168 170 175 165 174 156 158 148 163 166 165 179 168 165 164 160 164 151 171 166 159 160 177 178 155 186 163 170 149 174 152 150 155 153 143 165 175 164 146 186 224 212 214 208 217 212 197 170 140 140 156 154 158 154 137 120 120 134 147 179 187 200 212 216 205 179 156 155 157 163 165 158 148 146 151 159 146 143 144 148 149 142 144 143 141 144 148 144 137 141 153 147 148 135 143 133 148 147 155 146 161 153 149 145 147 165 160 152 147 147 148 142 133 136 146 165 149 147 161 158 137 128 135 129 139 136 134 135 133 141 150 139 146 139 147 151 148 160 156 154 154 162 169 164 159 171 191 217 221 207 189 168 145 141 122 117 121 124 123 122 125 132 138 132 136 145 158 171 181 187
145 160 180 173 146 182 164 148 176 142 183 168 173 158 174 175 157 175 155 165 154 162 167 157 174 168 178 180 149 173 155 144 173 155 154 177 177 157 189 153 166 131 170 157 163 162 148 140 166 142 155 154 163 208 219 206 210 205 206 188 186 170 125 127 142 136 129 116 96 92 119 153 192 188 198 220 225 201 167 148 157 157 164 171 162 146 143 153 157 149 143 149 146 136 143 154 141 140 145 153 150 140 137 143 148 149 135 144 132 149 147 157 144 162 155 153 148 148 166 159 153 148 147 149 145 139 146 159 148 137 140 152 144 122 120 137 134 139 146 129 133 138 125 150 137 145 140 150 153 149 159 153 150 150 157 165 159 152 164 186 214 214 205 196 157 148 131 129 117 114 107 102 102 114 133 147 137 147 162 177 188 197 205
140 149 159 162 159 158 162 167 166 161 150 170 177 170 179 172 168 153 157 154 165 149 160 168 155 162 160 173 170 158 173 180 154 170 164 167 162 156 171 167 146 162 162 156 166 159 172 150 161 157 154 150 136 176 233 211 219 226 213 209 199 172 141 100 108 100 91 69 62 69 147 167 184 209 209 200 211 172 158 143 143 146 149 152 154 153 152 151 143 146 141 135 140 151 147 132 146 142 149 139 150 140 148 144 147 156 154 148 119 141 154 156 160 157 170 175 160 160 166 158 149 149 147 162 141 157 153 149 137 140 177 127 128 141 133 137 140 137 134 137 142 144 142 138 120 129 146 171 143 153 147 140 141 144 148 152 157 164 173 179 204 215 207 200 175 147 144 135 97 112 101 80 77 138 139 136 136 148 154 188 203 195 208
167 164 159 152 148 150 157 164 166 168 168 179 164 149 168 170 165 159 149 165 155 159 155 169 155 172 167 165 161 162 177 171 145 179 178 166 160 166 172 147 152 176 156 176 156 175 166 158 164 159 146 155 156 160 196 218 209 218 209 209 202 178 152 113 77 70 75 71 72 105 170 182 187 207 210 204 208 163 153 145 138 140 143 146 147 147 145 144 147 146 142 141 147 153 149 141 144 148 140 150 140 150 142 146 154 158 156 155 125 138 145 148 157 154 159 166 167 169 169 161 150 152 157 165 153 163 158 140 142 149 176 136 135 143 142 141 140 137 135 137 142 144 142 138 139 139 149 159 138 142 146 141 151 154 157 158 158 160 165 170 199 213 208 202 179 150 145 135 91 101 91 72 74 134 139 139 146 174 192 201 201 202 211
164 159 155 154 157 160 161 161 162 155 162 176 161 154 172 170 163 160 151 165 155 161 156 167 160 174 165 161 159 161 176 170 161 172 170 169 163 157 161 155 163 165 175 155 175 155 172 153 144 173 159 154 168 158 166 195 197 210 206 210 206 187 165 130 76 60 70 78 77 135 173 172 191 205 212 210 204 150 146 148 150 152 155 157 158 156 154 153 150 144 142 148 153 152 151 152 144 148 141 151 140 150 142 146 160 157 157 165 134 135 136 141 153 154 152 158 173 176 170 168 155 151 164 164 166 163 158 130 141 155 165 141 138 138 146 138 141 137 135 137 142 145 142 139 140 133 143 140 139 142 160 159 145 151 157 158 155 154 158 163 193 210 209 207 185 155 148 137 83 85 76 62 73 130 140 146 153 175 204 207 207 214 212
164 158 154 157 164 167 164 158 159 148 160 173 158 156 172 170 162 156 163 155 166 155 164 162 166 164 154 165 166 158 173 178 177 166 156 159 157 152 162 175 160 167 158 164 153 159 153 151 155 178 162 145 152 147 155 187 192 208 207 213 210 192 174 142 98 68 70 81 80 154 169 160 196 202 213 215 200 141 144 150 146 148 150 152 152 150 148 146 150 140 141 151 154 147 148 156 147 143 150 140 151 141 149 145 158 151 153 171 143 139 135 142 151 161 157 158 173 173 167 177 170 151 165 164 173 154 154 131 136 154 149 140 135 130 143 131 141 138 135 138 143 145 143 139 139 131 141 131 147 144 166 166 140 150 160 163 161 162 168 175 190 208 210 211 190 159 151 138 79 71 66 57 79 129 145 156 189 181 201 206 207 201 179
185 172 158 153 156 160 160 158 162 162 179 178 151 141 154 169 159 158 166 155 166 158 165 159 161 159 149 164 169 162 176 179 163 164 159 147 151 168 175 173 164 163 157 163 152 158 149 155 160 151 161 174 165 140 140 167 193 212 212 218 213 195 179 149 112 72 60 75 91 170 181 176 200 202 215 217 197 142 148 152 149 151 153 154 153 150 148 145 147 140 141 150 150 142 143 153 147 143 151 141 152 142 149 145 149 142 147 170 149 148 144 149 153 171 172 166 169 165 167 186 194 163 172 175 179 151 155 148 139 155 140 145 136 130 142 131 142 138 136 138 143 145 143 140 148 143 149 135 153 143 152 150 147 158 170 172 168 169 179 190 192 210 212 213 192 161 153 140 83 65 65 64 96 137 155 169 204 191 204 201 195 185 161
169 166 163 163 165 165 164 161 165 164 173 169 162 155 152 171 154 165 160 166 156 170 161 158 154 165 156 160 167 171 179 164 155 148 156 162 169 173 166 169 174 155 172 152 171 152 161 164 154 143 168 177 161 154 148 144 193 214 217 222 216 198 183 156 131 85 57 73 112 170 187 190 204 203 215 216 196 151 160 152 159 160 162 162 161 158 154 152 146 146 147 149 145 139 141 148 146 150 142 152 141 151 144 148 142 139 144 165 149 158 155 155 158 175 182 176 167 164 175 194 208 184 189 192 181 158 162 162 148 159 142 152 142 139 144 138 142 139 136 139 144 146 144 140 145 147 145 140 157 151 147 148 147 157 166 163 155 157 171 185 199 215 214 212 190 160 154 142 93 67 74 80 121 150 168 184 193 204 213 194 178 176 170
143 154 168 177 178 173 168 166 168 164 160 157 178 176 154 174 152 166 162 166 156 172 162 156 159 170 162 166 170 169 169 148 164 138 151 172 180 168 152 170 169 161 152 171 151 170 150 175 167 160 163 140 136 167 168 155 189 212 218 225 219 202 191 166 149 104 63 78 137 161 183 193 207 205 216 213 197 164 174 152 152 153 154 154 152 148 145 142 150 157 159 151 143 142 144 144 146 150 142 152 142 152 144 148 141 142 144 158 145 164 163 155 165 171 181 181 170 174 191 200 196 198 203 200 169 165 161 155 151 155 141 153 141 144 138 140 142 139 137 139 144 146 144 140 144 151 137 142 153 158 146 154 142 152 159 154 147 152 173 192 208 221 216 211 187 158 154 144 105 75 87 99 146 165 181 196 201 214 206 188 169 161 168
155 164 173 175 169 164 165 168 173 180 174 161 178 167 140 174 153 161 172 156 167 164 169 153 171 169 161 177 179 160 154 142 168 152 159 157 164 172 158 163 165 143 157 150 160 154 154 170 153 148 159 157 169 176 152 147 184 209 217 226 221 206 197 174 148 107 63 83 158 159 186 201 208 206 216 211 197 173 183 151 160 161 162 161 159 155 151 149 153 166 168 153 143 146 147 142 148 144 152 142 153 143 150 146 143 147 147 154 141 166 165 152 170 164 176 182 175 186 204 204 174 201 208 198 154 166 155 137 148 146 135 148 134 142 129 135 143 139 137 139 144 146 144 141 160 167 139 143 145 154 134 145 146 157 164 162 158 169 197 221 213 225 217 209 185 156 153 144 114 81 97 112 162 175 189 203 198 192 171 178 175 160 174
159 162 165 168 169 166 163 161 163 171 168 165 162 148 148 169 166 164 162 164 171 175 173 169 150 164 178 182 173 162 154 151 161 172 166 168 161 151 163 162 165 163 166 167 159 148 150 161 161 157 163 156 142 153 159 136 149 213 215 215 230 209 189 181 158 113 80 114 159 169 190 195 211 207 203 201 199 190 177 167 178 173 166 160 158 160 164 167 162 153 163 153 150 156 143 151 139 139 140 141 143 144 145 145 139 146 160 167 155 146 164 194 188 186 182 181 184 191 200 205 219 202 193 196 188 167 151 149 134 143 145 130 144 124 125 140 136 139 153 133 136 144 158 133 152 149 151 158 158 151 158 176 181 166 157 174 168 197 205 202 219 222 213 206 206 185 155 145 118 77 86 156 161 176 194 209 198 192 158 174 152 175 150
157 159 163 167 168 167 165 164 166 170 163 158 157 148 154 180 165 168 167 163 165 171 170 164 164 168 172 171 166 160 156 155 157 163 156 165 168 162 169 161 162 160 163 166 159 149 152 162 168 157 155 152 149 162 160 133 149 204 215 218 226 210 195 182 159 116 83 118 160 171 190 197 208 207 205 198 186 166 146 132 148 153 160 166 168 165 160 156 162 158 161 156 154 156 150 152 145 145 146 147 149 150 151 151 157 150 151 159 161 160 170 186 200 197 194 193 197 204 211 217 224 218 214 208 186 158 146 149 143 144 142 130 150 134 132 137 142 140 145 146 137 147 152 141 153 142 142 151 157 163 168 167 155 157 166 162 157 164 189 202 216 221 213 206 205 184 153 143 110 76 115 156 176 187 191 205 202 169 152 152 163 155 161
154 157 161 165 167 169 168 168 166 171 166 162 163 155 161 187 166 165 166 168 165 162 163 167 179 172 164 159 158 159 158 157 152 155 148 163 174 171 174 160 159 156 158 163 160 152 154 164 166 156 153 151 151 160 157 137 148 191 214 221 220 212 203 183 162 122 88 127 163 175 191 200 200 201 198 189 176 162 151 145 152 154 156 157 155 152 148 145 160 163 157 159 157 153 157 153 151 152 152 154 155 156 157 157 157 146 140 147 155 159 165 171 206 204 202 202 206 212 219 223 210 210 211 209 194 173 164 166 162 159 155 144 167 158 155 149 147 142 140 158 138 151 148 149 149 137 143 150 148 165 176 160 140 152 167 148 155 147 176 197 210 218 213 208 205 181 150 140 100 87 148 160 192 200 191 201 203 169 163 154 176 157 173
153 155 158 162 166 169 171 172 168 175 173 172 172 161 163 186 166 158 161 172 169 157 160 175 183 172 159 154 157 160 158 155 149 155 151 165 172 167 171 159 157 152 154 160 160 154 155 163 151 153 157 153 145 145 148 147 147 179 214 224 214 215 210 184 165 130 95 137 166 180 193 205 200 195 184 171 160 159 166 172 161 157 152 147 144 143 145 146 153 161 149 156 156 147 158 149 153 153 154 155 156 158 159 159 150 148 149 154 158 160 164 168 203 202 201 202 205 210 216 219 203 198 196 198 198 190 177 169 167 166 168 155 171 166 169 159 148 145 146 155 141 153 154 148 144 140 156 153 134 152 173 155 148 156 154 144 164 162 171 187 203 215 214 209 204 178 146 135 98 116 163 172 198 208 199 198 171 163 156 151 155 152 149
154 155 157 160 164 168 171 173 175 179 171 165 164 156 162 188 160 160 163 166 168 168 171 174 176 167 159 157 161 162 157 151 151 163 161 167 164 154 163 158 157 150 150 158 160 155 154 160 143 148 151 148 144 138 140 149 146 172 215 224 210 216 211 184 169 138 103 149 169 186 195 209 209 197 179 160 148 146 151 156 149 148 147 148 149 151 154 155 145 153 142 150 150 142 153 145 150 151 152 153 154 155 156 157 157 161 166 172 179 183 181 176 201 201 201 203 207 211 215 217 216 210 200 191 184 175 161 148 151 157 168 151 155 153 165 155 145 147 158 144 144 152 163 142 150 145 159 152 129 144 162 143 152 158 142 148 161 173 165 178 195 211 214 211 204 174 141 131 108 151 162 186 194 208 210 193 163 158 154 149 150 146 143
158 157 157 158 161 165 169 172 182 181 166 156 156 155 170 202 161 172 170 158 165 184 182 162 165 162 160 161 162 161 158 154 159 170 164 165 156 145 157 157 160 151 148 156 159 154 151 154 147 146 140 143 151 144 138 148 147 170 216 222 209 217 207 183 172 146 110 160 172 191 196 213 210 198 182 169 161 155 147 140 161 155 147 141 141 146 154 159 141 145 141 144 145 142 147 144 149 149 150 151 152 153 154 155 163 163 163 170 187 200 193 177 204 205 207 210 213 217 220 221 217 219 209 186 165 156 151 146 144 153 170 150 148 151 168 154 142 146 161 138 143 151 166 139 162 146 147 145 136 145 150 131 141 152 142 153 146 162 157 172 187 207 215 213 203 171 137 127 127 170 163 197 193 207 216 182 179 154 157 148 164 139 156
162 160 158 158 159 162 166 169 179 183 179 177 181 179 191 219 182 179 169 164 174 185 175 155 157 159 161 160 158 158 161 164 168 171 157 157 153 147 159 157 164 152 148 154 158 152 148 149 149 150 143 148 158 147 140 157 147 173 218 218 210 217 200 183 175 152 115 168 175 195 197 217 209 192 174 167 170 168 155 143 170 161 148 137 133 138 147 154 143 140 145 143 144 149 145 148 150 150 151 152 153 155 155 156 161 163 160 160 176 196 199 190 206 207 210 214 217 220 222 222 213 215 203 176 159 159 161 158 149 152 168 149 149 159 175 150 143 143 151 144 139 149 157 141 159 144 139 143 142 141 141 137 137 142 149 153 142 148 159 166 181 204 215 214 203 168 133 123 148 166 177 200 200 209 212 167 166 147 143 144 145 128 136
165 163 159 157 158 160 164 167 170 186 199 211 220 210 210 229 208 177 161 177 188 175 160 157 154 158 160 157 153 154 164 173 174 169 147 149 153 153 163 156 166 154 148 154 157 151 145 145 145 157 157 158 159 142 142 172 148 176 219 216 211 217 195 182 176 155 118 172 176 197 198 218 212 186 157 147 154 158 149 136 144 144 145 146 147 147 147 147 146 138 151 144 146 155 144 153 152 152 153 154 156 157 158 158 162 173 173 164 167 190 211 217 203 205 208 212 215 217 219 219 223 216 193 167 160 169 168 157 146 142 154 138 144 159 171 136 144 140 139 154 136 148 147 145 146 142 142 145 142 131 136 152 145 137 156 150 150 146 168 161 178 203 216 214 202 167 131 122 161 154 192 200 208 212 206 155 156 166 148 164 131 144 120
152 157 164 170 171 168 162 158 157 184 211 223 226 230 231 228 219 218 222 221 198 164 149 152 156 150 155 168 169 159 156 163 153 159 164 163 158 154 154 155 160 161 161 160 156 150 145 142 155 151 147 147 149 152 153 153 126 199 214 212 227 222 208 193 172 150 136 149 173 192 205 214 222 181 159 158 149 143 151 155 153 150 146 142 141 142 145 147 145 138 149 142 142 150 140 148 150 156 161 161 156 155 161 167 185 174 179 177 162 174 199 202 200 219 204 202 230 222 198 209 214 195 178 175 173 166 162 163 151 148 147 149 154 155 151 146 148 149 151 151 148 143 138 135 130 129 143 139 149 163 144 136 149 142 151 151 136 148 174 179 180 208 228 211 195 155 120 160 163 192 194 202 211 214 208 171 144 157 168 164 147 133 129
163 162 161 161 163 165 167 169 165 186 211 223 222 219 217 216 219 218 222 222 202 171 156 157 155 150 153 165 166 157 154 161 167 167 164 158 153 154 162 169 154 151 146 143 144 148 153 157 162 161 158 154 151 150 152 154 152 206 216 215 225 219 209 193 172 150 137 150 174 193 205 214 214 175 157 159 151 145 151 154 153 150 146 143 142 143 145 147 146 141 153 149 149 154 143 148 145 149 150 148 144 146 154 161 175 166 173 178 173 189 211 213 209 220 211 211 231 226 209 216 209 193 180 176 170 161 159 164 161 157 154 155 157 157 153 148 139 141 144 146 145 143 140 137 148 144 149 136 138 152 142 141 157 143 145 150 148 162 177 171 177 210 219 200 183 148 125 156 170 191 194 204 211 210 203 174 167 154 139 133 136 140 140
174 173 172 173 174 176 178 180 186 210 226 224 219 222 223 217 219 219 222 223 208 184 168 164 161 157 160 167 168 161 160 164 163 167 171 169 164 161 162 165 151 152 154 157 159 160 160 160 150 154 156 151 144 142 149 157 189 217 218 220 222 215 211 193 172 150 138 152 177 194 206 214 200 165 152 160 155 148 152 152 152 150 147 144 143 143 144 145 147 146 155 153 153 156 147 150 144 148 152 153 151 151 154 157 169 164 173 184 186 194 200 193 212 213 212 215 222 222 218 216 202 192 184 178 167 155 156 165 163 158 154 153 155 155 151 147 134 136 139 142 143 143 141 141 147 150 156 142 139 148 145 146 148 147 155 158 151 158 174 177 177 214 208 186 168 140 136 153 170 183 189 204 212 208 204 188 174 159 144 141 148 149 139
164 169 176 181 183 179 174 170 190 221 234 220 215 229 232 219 220 220 222 222 215 198 180 170 171 170 170 173 173 170 170 171 157 164 170 171 166 161 159 159 157 159 163 166 166 162 158 155 151 160 168 166 159 160 173 186 218 226 220 224 220 212 212 193 172 151 140 155 179 196 207 213 186 154 147 160 156 150 151 151 150 149 147 146 145 144 144 144 151 149 150 148 148 151 150 153 139 145 153 159 159 156 151 149 176 166 162 166 176 189 196 194 207 199 204 208 204 210 217 210 197 191 187 181 166 152 154 165 155 150 145 144 148 150 148 145 140 141 141 142 143 143 142 142 130 146 160 155 151 153 150 147 140 148 159 160 153 155 169 179 184 220 202 177 157 139 150 157 196 198 201 207 204 190 180 172 186 175 158 141 130 129 134
147 152 159 165 166 162 157 153 168 195 219 224 223 223 220 212 221 221 221 221 219 210 190 172 172 173 172 169 168 170 170 168 161 162 160 155 150 150 157 163 159 156 152 148 148 151 155 157 150 159 167 165 158 159 172 185 223 229 222 224 220 212 213 194 171 152 143 158 183 199 207 213 177 147 142 157 155 149 150 149 148 148 148 147 146 145 143 142 153 150 142 139 140 143 152 155 138 139 141 144 146 147 146 145 154 157 161 175 194 202 199 196 200 188 196 200 190 199 215 208 196 191 188 183 169 153 154 164 152 146 141 141 146 151 151 150 152 150 148 146 144 143 142 142 131 150 159 157 152 150 151 145 147 148 148 151 160 166 167 170 197 222 201 175 155 143 163 167 202 201 204 202 194 181 169 167 169 170 165 150 133 126 133
152 151 151 151 152 154 157 158 154 172 207 238 240 221 211 216 223 223 219 218 221 217 194 169 164 168 165 156 155 160 161 157 152 155 156 153 148 147 150 154 150 150 150 151 153 156 158 160 147 151 153 148 141 140 146 154 203 227 223 221 221 214 212 197 171 153 145 161 186 201 208 213 174 143 138 152 150 145 147 147 147 148 149 149 148 145 142 140 151 151 139 139 140 140 153 153 156 147 137 134 139 148 155 159 154 166 173 184 200 200 191 192 194 184 190 192 181 192 211 210 200 193 188 186 175 160 157 162 160 153 146 144 149 153 155 154 158 155 151 147 144 143 142 143 151 162 154 147 141 141 148 140 147 156 153 152 161 164 168 181 210 218 202 178 155 149 167 177 188 190 199 190 183 183 174 175 156 161 168 170 167 160 154
158 157 157 157 158 160 163 164 158 176 201 218 221 219 222 229 225 224 218 215 221 221 195 164 160 165 161 149 147 155 157 150 143 150 157 159 154 148 145 145 148 152 157 161 162 159 154 151 158 157 154 150 147 146 148 150 173 222 223 216 222 218 212 199 171 153 146 163 188 202 209 213 174 142 134 147 145 141 145 146 145 147 149 150 149 146 142 139 145 152 144 151 151 145 154 147 159 152 145 145 151 158 161 160 177 181 167 157 167 173 181 202 182 177 179 177 170 180 199 206 206 195 187 187 182 169 160 160 170 161 150 144 145 147 147 146 152 150 146 142 141 142 144 146 154 161 147 143 142 141 147 132 151 168 166 158 162 163 173 199 218 207 201 180 156 152 163 184 197 202 209 183 167 172 158 154 169 162 156 155 162 169 174
146 151 158 164 165 162 156 152 159 186 191 171 175 209 233 231 227 225 217 213 221 222 195 160 162 168 163 149 147 157 159 151 153 155 154 150 145 145 150 155 160 157 151 146 142 140 141 141 150 146 142 142 144 147 148 148 151 218 223 212 224 221 211 200 171 153 147 165 189 203 209 213 176 142 133 144 141 138 143 145 145 147 150 151 150 146 142 139 140 153 150 163 164 151 155 142 140 140 145 154 162 160 150 139 137 158 161 161 173 169 167 184 169 167 166 162 158 167 186 198 210 196 187 188 187 174 163 159 173 162 149 140 137 136 134 132 144 142 139 137 138 142 146 149 137 149 140 148 154 150 149 125 168 175 161 155 172 178 182 201 222 198 200 180 156 153 157 186 196 205 211 176 159 169 154 148 148 147 148 149 152 154 155
158 160 162 163 161 158 154 152 193 172 155 153 157 169 197 226 214 226 223 213 199 172 166 192 169 168 165 161 158 154 151 150 163 153 145 148 157 160 152 142 154 148 148 160 174 172 151 131 158 148 148 160 161 148 138 138 164 210 220 219 220 212 209 198 159 144 140 166 166 193 208 220 185 144 147 150 148 156 142 131 139 140 141 143 144 146 147 148 145 147 148 149 149 148 147 145 135 146 158 160 154 146 142 142 153 151 170 158 162 168 184 162 171 170 165 157 152 155 165 173 204 184 169 171 176 175 174 176 176 170 156 158 144 136 150 134 144 147 147 142 136 135 143 151 144 141 130 156 164 148 155 148 159 177 164 174 177 194 189 217 211 195 189 159 147 161 172 198 190 215 191 166 162 161 162 148 150 149 148 146 144 142 141
167 163 157 153 155 161 170 176 172 166 164 167 170 176 186 197 187 204 207 195 179 167 167 178 178 171 160 151 148 150 156 160 156 153 151 152 154 155 152 150 164 166 162 149 137 141 161 179 161 151 143 144 144 141 138 138 174 219 225 221 219 207 202 188 172 139 127 165 177 201 209 217 203 158 147 141 138 149 145 142 140 141 142 143 145 146 148 148 147 148 150 151 151 150 148 147 146 149 150 146 141 140 146 152 142 150 155 155 152 165 167 156 167 167 166 161 157 159 166 173 202 179 159 158 163 166 170 176 177 180 176 172 146 133 149 142 138 142 145 142 136 135 138 143 147 135 139 152 159 155 147 151 155 171 158 175 179 186 188 212 210 198 189 158 148 166 178 198 192 213 189 165 162 161 161 149 150 149 148 146 144 142 140
155 155 156 158 163 168 173 176 166 167 165 162 165 174 180 179 163 180 193 181 163 165 172 167 163 164 165 164 161 156 151 147 150 153 155 154 152 151 154 157 152 150 154 170 184 178 153 129 140 144 147 151 159 165 161 153 179 221 225 221 220 208 200 185 183 130 111 163 186 206 206 214 208 167 149 140 137 145 145 146 141 142 143 145 146 148 149 150 163 157 147 140 140 147 157 163 149 148 144 139 135 137 145 152 136 153 146 155 149 165 152 155 159 163 167 167 164 164 169 173 181 165 156 162 168 164 158 157 169 173 176 175 152 140 152 146 138 142 145 144 140 138 139 141 149 133 148 148 153 160 142 154 149 163 150 177 181 176 187 206 210 202 188 157 151 174 187 197 195 211 184 163 162 159 160 149 150 149 147 145 143 141 140
145 151 159 166 169 169 166 164 165 168 163 153 157 171 174 166 160 168 185 182 162 164 173 164 170 166 160 154 152 153 156 158 152 152 152 153 154 155 155 156 165 158 151 148 151 155 158 158 159 167 167 161 161 162 150 131 176 217 221 220 222 213 205 188 179 118 99 161 185 197 197 213 195 167 149 145 145 144 141 142 143 144 145 146 148 150 151 151 146 150 157 161 161 157 150 146 142 143 144 143 141 140 141 141 138 156 149 155 160 163 149 157 153 160 167 170 169 167 169 172 167 156 154 165 172 164 152 147 154 150 156 163 155 154 157 144 147 147 145 143 141 142 144 147 148 140 149 147 149 155 145 152 146 155 147 176 181 170 190 202 210 203 183 156 156 180 195 197 198 208 179 161 162 157 158 149 149 148 147 145 143 141 140
161 163 166 168 168 167 165 164 158 163 162 156 162 172 167 152 165 160 177 186 167 157 163 161 168 164 158 153 152 153 157 160 160 152 147 150 158 161 156 148 142 152 161 156 145 140 147 157 148 152 149 141 146 159 158 147 182 220 221 220 223 214 203 183 164 107 94 157 174 180 186 214 187 169 146 143 146 141 141 146 145 146 147 148 150 152 153 153 146 150 157 161 161 157 150 146 143 142 141 142 142 142 141 140 140 149 153 150 168 153 147 152 149 157 166 170 168 166 166 168 174 158 149 157 164 162 157 157 149 143 154 159 153 156 156 146 151 146 139 135 136 140 144 147 144 153 145 149 148 144 155 148 148 151 153 172 178 172 197 203 211 199 173 156 162 183 199 199 202 205 172 158 162 155 156 149 149 148 146 145 142 141 139
170 173 176 178 176 171 164 160 166 160 153 151 159 168 166 158 160 155 167 179 167 151 149 153 156 158 161 162 161 158 154 151 167 156 147 150 159 162 153 142 156 149 141 140 144 148 149 147 168 166 160 152 149 147 138 127 195 230 226 221 222 209 194 171 150 101 93 153 164 169 181 213 197 182 148 139 143 135 142 154 147 147 149 150 152 153 155 155 163 157 147 140 140 147 157 163 154 147 138 136 139 143 146 147 139 137 151 148 166 143 142 142 149 156 164 166 163 161 161 163 169 155 149 159 167 163 157 156 154 151 169 164 144 145 148 151 147 141 134 132 135 139 140 140 143 160 146 148 144 139 158 147 154 151 167 165 173 183 208 210 213 192 159 156 168 181 199 200 206 203 167 156 161 154 154 150 148 147 146 144 142 140 139
167 169 171 172 170 165 159 155 172 156 145 149 160 166 167 167 148 158 165 168 168 157 148 151 168 163 154 148 147 153 160 166 168 161 155 154 156 155 148 142 143 150 155 153 145 141 145 152 149 147 151 162 166 159 149 143 199 232 227 221 223 210 192 167 146 101 94 149 161 171 183 211 207 200 161 152 153 135 138 148 148 149 150 152 153 155 156 157 147 148 150 151 151 150 148 147 154 147 141 141 146 149 147 144 143 136 149 161 160 146 143 140 151 156 161 160 156 154 155 158 160 149 148 160 169 163 154 150 155 148 165 155 136 140 143 150 145 143 143 147 151 150 143 135 145 158 155 144 138 144 153 149 163 153 183 158 166 197 219 218 214 183 146 157 173 176 196 202 208 200 163 154 161 152 152 150 148 147 146 144 142 140 138
171 163 152 144 142 148 158 165 161 147 147 165 178 171 161 157 140 165 169 163 172 169 156 154 158 158 157 157 157 157 157 157 166 166 164 158 152 147 145 144 154 155 154 147 141 142 151 161 155 141 138 147 151 143 140 145 193 226 222 220 225 215 198 173 148 103 93 147 162 178 188 208 209 212 178 172 170 140 131 134 149 150 151 152 154 155 157 157 145 147 148 149 149 148 147 145 144 144 147 154 160 156 144 133 151 142 150 179 158 156 147 146 153 156 159 156 151 149 151 155 168 150 140 146 155 156 156 158 150 132 144 138 131 145 143 145 148 150 157 167 172 166 151 137 148 152 164 140 133 151 145 152 169 155 194 153 162 206 225 224 215 177 137 157 176 172 193 203 210 199 160 153 161 152 151 150 148 147 145 144 141 140 138
147 152 150 142 143 155 160 156 159 161 159 154 167 149 170 159 143 152 151 156 171 167 154 154 155 155 155 154 154 153 153 153 163 166 167 162 154 148 149 153 135 146 149 142 142 147 143 131 152 157 135 136 143 149 160 137 214 216 219 221 216 200 179 164 131 104 92 112 159 166 160 212 211 210 181 165 139 147 143 142 155 173 166 163 156 151 164 156 143 141 141 145 150 151 146 141 146 141 144 154 154 144 140 145 143 132 153 160 162 157 135 142 138 150 164 169 162 152 146 145 171 162 167 159 157 161 148 151 146 148 149 149 148 145 142 139 149 156 152 154 167 166 160 165 155 148 151 138 148 140 150 149 155 166 164 156 173 210 230 226 217 182 121 149 183 174 197 196 198 198 172 160 161 163 166 145 149 146 143 140 139 140 141
159 156 155 156 156 156 158 161 161 162 160 155 166 149 166 156 146 153 150 154 168 166 156 157 155 155 154 154 153 153 153 153 162 156 151 151 154 153 148 143 144 149 149 146 145 147 145 140 143 152 146 141 156 153 141 155 217 216 218 221 218 202 176 157 121 106 98 106 145 167 168 199 210 214 205 175 154 147 154 156 152 168 162 158 151 148 159 151 143 141 141 145 150 151 146 141 144 147 150 149 148 147 144 139 137 145 161 158 152 149 141 143 143 149 155 157 154 149 146 145 160 156 164 153 148 155 154 168 146 147 149 150 149 146 143 140 148 136 133 152 162 140 138 170 173 174 161 164 148 154 144 147 156 161 162 168 193 221 227 216 210 152 108 163 160 181 188 205 200 194 167 160 160 158 162 146 149 146 143 140 139 140 141
155 147 148 158 158 147 146 153 162 163 161 157 163 150 159 151 150 155 149 150 165 165 157 161 154 154 154 153 153 152 152 152 156 152 148 149 154 156 152 147 155 150 148 149 149 145 146 151 151 150 149 134 150 147 137 197 220 218 218 222 220 201 170 145 108 106 104 101 128 163 173 183 207 209 218 185 180 167 175 172 149 162 157 152 147 147 154 146 143 142 142 146 151 151 147 141 144 154 154 145 144 149 146 135 136 160 165 155 142 140 148 143 150 148 145 146 148 149 147 144 155 155 165 150 139 145 151 172 145 147 149 150 150 147 144 142 145 165 163 148 152 161 166 175 171 174 164 170 154 157 144 145 160 159 165 186 216 232 224 207 197 130 113 163 148 188 197 211 204 189 161 160 160 150 154 146 149 146 143 140 139 140 141
160 157 162 170 171 164 161 164 162 163 162 160 159 151 151 147 153 156 148 148 163 164 159 164 153 153 153 152 152 152 151 151 150 155 159 159 155 154 159 164 159 148 143 149 148 141 144 155 157 147 146 142 143 138 157 224 224 219 217 220 217 196 161 132 103 103 105 104 119 150 169 172 202 198 208 192 199 199 188 176 151 159 156 150 147 150 151 144 144 142 142 146 151 152 147 142 149 153 153 146 144 147 145 138 146 165 157 154 143 134 150 144 154 148 144 146 152 154 149 142 159 157 166 151 140 142 140 155 145 146 149 151 151 149 147 145 146 148 145 149 149 137 147 182 158 157 169 162 173 161 166 159 167 166 176 202 226 230 218 206 180 133 125 144 159 188 215 209 207 187 157 159 158 144 149 147 149 146 143 140 139 140 141
139 148 153 153 156 161 159 152 159 160 161 162 156 155 146 145 153 157 149 149 163 165 159 165 152 152 152 151 151 151 150 150 147 153 158 158 155 155 160 165 157 145 141 146 145 138 141 153 149 139 145 165 147 142 191 220 225 221 217 215 207 183 149 123 105 102 103 111 119 132 154 167 193 195 205 204 200 211 178 166 155 158 158 149 148 155 151 145 144 143 143 147 152 152 148 142 154 148 146 150 148 143 142 147 160 160 145 154 151 136 148 145 153 150 149 155 161 160 150 141 156 151 161 154 151 151 137 140 144 146 149 151 152 151 149 148 149 150 148 152 152 139 149 184 156 157 172 169 185 177 185 180 179 182 194 212 222 219 210 204 162 139 102 134 169 177 206 205 210 188 156 157 155 142 147 146 149 146 143 140 139 140 141
150 161 164 157 159 169 169 159 154 155 159 163 154 160 143 146 151 156 150 152 166 167 159 163 151 151 151 150 150 150 149 149 150 146 143 147 154 157 155 151 151 146 144 146 145 141 142 147 151 141 141 160 142 159 223 220 224 222 217 208 191 165 137 118 109 109 104 117 123 116 137 163 183 195 215 215 194 202 158 153 156 155 157 146 148 158 149 143 145 143 143 147 152 153 148 143 154 144 142 150 150 143 145 156 162 152 143 154 155 142 145 148 151 152 154 159 161 158 151 145 147 143 156 156 159 161 144 143 143 145 149 152 153 153 151 150 129 150 147 133 137 146 151 159 154 161 158 173 167 181 175 180 193 201 211 215 216 211 200 189 150 120 56 137 165 168 180 205 212 195 161 155 152 144 151 145 149 146 143 140 139 140 141
156 156 153 149 147 148 148 147 149 150 156 164 152 164 142 148 148 155 152 156 170 168 158 159 151 150 150 150 149 149 149 149 152 147 144 147 153 156 153 148 147 151 152 149 148 150 148 143 153 148 143 135 140 189 234 225 223 223 217 201 175 147 127 116 111 123 109 118 125 108 125 158 172 181 215 210 202 203 157 147 154 148 153 140 144 157 143 138 145 143 143 147 152 153 148 143 147 144 143 144 147 149 154 158 150 148 155 153 150 149 145 152 150 152 154 153 150 148 150 152 148 147 162 157 155 157 146 152 142 145 149 152 154 154 153 152 157 144 141 161 170 149 147 179 149 154 148 161 155 171 168 175 205 216 220 217 217 213 189 161 147 84 39 133 161 173 179 205 213 202 167 153 149 149 156 143 149 146 143 140 139 140 141
175 162 155 155 150 140 140 148 145 147 155 164 151 167 142 150 145 154 153 159 173 170 157 157 150 150 150 149 149 149 148 148 151 156 160 158 153 151 155 159 146 157 160 153 152 157 153 141 139 148 153 128 155 219 225 216 221 223 218 196 165 136 121 116 110 134 115 117 125 106 120 153 164 161 205 197 219 216 171 146 150 143 148 135 140 154 138 133 145 144 144 148 153 153 148 143 140 146 145 138 142 155 161 158 137 148 170 152 143 153 147 155 150 152 152 145 138 139 148 157 157 159 172 159 146 145 142 156 142 145 149 153 155 155 154 153 135 142 138 140 153 152 146 151 153 149 157 151 168 167 183 184 213 223 224 217 220 218 182 137 150 56 53 121 163 183 198 203 214 207 171 151 148 152 160 142 149 146 143 140 139 140 141
152 164 150 157 157 136 140 149 148 170 164 135 165 153 140 148 157 157 158 151 141 168 153 161 167 163 157 153 152 155 159 162 159 144 161 155 145 153 144 143 162 146 148 151 147 159 163 142 154 160 147 155 201 227 220 218 228 210 187 167 143 123 117 123 124 127 128 125 120 118 122 126 172 175 177 186 208 217 193 159 169 156 149 154 158 154 152 155 147 149 152 154 153 150 146 143 149 151 147 143 150 164 167 161 153 151 148 146 145 146 148 149 145 146 147 149 152 154 155 156 152 150 177 153 152 139 141 150 145 145 146 147 147 148 149 149 154 150 144 140 141 145 152 156 176 162 152 154 158 164 178 194 209 219 220 211 211 209 183 149 96 40 44 74 159 167 200 196 209 207 191 164 146 146 150 149 166 157 148 144 143 139 130
149 154 151 149 168 140 153 157 155 170 154 148 170 142 149 150 160 139 149 145 157 141 147 160 159 155 150 146 145 148 152 155 161 147 154 150 141 149 152 150 152 138 141 147 146 157 164 150 145 156 188 218 224 217 215 215 220 199 176 157 137 120 118 126 123 126 128 125 120 118 121 125 147 161 175 187 203 214 205 187 149 158 160 150 144 148 153 152 148 150 152 154 153 150 146 144 150 151 147 144 151 164 166 159 153 151 148 146 145 146 148 149 146 146 148 149 151 153 155 155 152 150 174 153 152 140 141 149 145 145 146 147 148 148 149 149 149 149 147 147 147 148 150 152 162 165 160 150 153 171 187 193 225 220 219 219 207 185 167 160 63 31 38 52 173 174 197 200 207 210 201 180 163 158 155 150 136 134 133 136 140 142 141
156 151 155 143 176 144 160 160 164 167 150 161 171 135 160 152 150 150 151 141 153 143 158 150 156 152 147 143 142 145 149 152 160 151 145 147 139 144 162 156 152 143 147 154 155 165 175 171 171 178 220 244 222 213 225 224 211 188 162 144 129 117 119 128 121 125 128 126 121 118 120 123 127 150 173 185 194 205 211 211 157 165 164 151 144 149 154 153 150 151 152 153 152 150 147 146 150 152 149 145 152 164 165 157 154 152 149 146 145 146 148 150 146 147 148 149 151 152 153 154 150 151 168 154 152 142 143 149 145 146 146 147 148 149 149 150 146 148 150 152 153 152 150 149 153 161 162 154 156 174 192 201 221 220 210 196 189 178 150 119 76 60 50 33 167 170 180 190 199 210 213 203 195 192 188 181 165 167 169 168 165 164 165
168 159 158 146 173 147 154 157 171 161 159 162 162 142 165 152 146 168 148 156 146 159 163 150 159 156 150 146 145 148 152 155 154 151 141 150 144 143 166 155 152 146 149 156 158 162 173 182 208 214 227 225 214 223 232 223 207 182 153 136 124 116 120 129 120 125 129 128 123 119 120 122 123 143 165 178 185 194 208 217 197 178 162 159 159 154 154 159 152 153 153 152 152 150 149 148 150 153 151 148 154 164 163 154 154 152 149 147 146 147 149 150 148 148 149 149 150 151 151 152 149 152 161 155 151 145 145 148 146 146 147 148 148 149 150 150 151 151 151 152 152 152 153 153 152 152 159 167 170 174 193 215 211 220 212 188 176 168 138 99 102 86 59 33 141 174 185 201 196 207 208 197 186 181 175 167 177 182 183 177 166 160 162
166 161 155 152 163 154 150 165 174 153 175 153 148 156 163 151 154 157 139 167 157 149 153 158 159 155 150 146 145 147 152 155 147 149 144 156 150 146 164 149 143 141 142 147 148 145 157 179 216 231 226 218 227 225 211 205 204 177 147 132 124 118 121 128 122 127 133 133 128 123 122 124 123 131 146 163 177 190 204 216 221 197 175 165 159 153 154 160 155 154 153 152 151 151 151 151 151 155 153 150 156 164 161 151 155 153 150 147 146 147 149 150 149 149 149 149 149 149 149 149 147 153 153 157 150 148 147 147 146 147 147 148 149 150 150 151 159 155 151 148 148 152 157 161 153 153 162 174 181 185 201 219 218 220 218 200 169 143 137 143 120 97 70 59 109 174 184 194 203 209 204 188 175 172 170 165 153 159 164 162 155 153 158
152 153 152 152 155 157 154 181 173 150 179 145 142 161 158 152 146 144 150 147 158 142 152 146 155 151 146 141 141 143 148 151 149 147 150 158 150 149 157 145 143 144 144 149 150 142 155 190 218 229 222 222 230 207 184 198 191 164 138 128 125 122 123 129 124 131 138 139 134 128 126 126 120 118 127 148 168 184 200 214 211 211 198 173 155 154 156 155 158 156 153 151 150 151 152 153 152 156 155 153 157 164 160 149 155 153 150 148 147 148 150 151 150 150 150 149 148 148 147 147 145 154 146 158 150 150 149 146 147 147 148 149 149 150 151 151 163 158 151 147 147 153 160 165 154 164 171 175 188 206 215 213 216 213 197 169 149 147 155 161 122 97 87 92 93 166 169 177 209 212 205 187 176 178 182 180 152 154 157 156 155 154 157
146 147 161 146 153 146 153 186 172 152 167 144 146 150 154 154 140 146 161 139 150 153 154 139 157 153 148 144 143 146 150 153 159 147 155 152 143 150 151 148 143 149 150 156 160 150 166 211 224 222 220 221 215 195 182 186 167 143 123 121 126 127 128 131 128 135 143 145 140 133 130 130 123 118 123 140 155 166 185 204 202 211 209 193 177 169 162 154 159 157 153 150 150 151 153 155 152 157 157 154 159 164 159 146 155 153 150 148 147 148 150 151 151 151 150 149 148 147 146 146 144 155 140 159 149 152 150 146 147 148 148 149 150 150 151 151 160 158 155 153 153 156 159 162 165 169 173 181 200 219 221 211 197 193 168 141 147 171 169 146 123 101 103 104 97 159 167 189 203 205 196 175 160 159 159 156 161 157 152 150 149 147 142
151 148 174 141 153 131 147 180 171 155 153 147 153 137 152 156 152 145 152 163 153 163 140 157 164 160 155 151 150 153 157 160 168 148 157 146 136 149 148 152 133 141 143 152 159 148 167 219 222 215 224 223 206 204 192 158 148 126 111 115 126 129 131 134 130 138 146 148 143 137 133 132 132 126 129 140 144 148 167 191 209 203 206 215 211 190 168 158 160 158 153 150 149 151 154 156 152 157 158 155 159 165 158 145 156 154 151 148 147 148 150 151 152 151 150 149 147 146 145 145 143 155 137 160 149 153 151 146 147 148 148 149 150 151 151 152 155 156 158 159 159 159 158 157 178 166 167 191 214 221 218 215 184 171 160 163 174 177 167 155 159 133 129 105 100 142 153 191 187 193 190 175 165 166 167 164 172 165 157 156 158 157 150
141 135 182 154 135 167 158 178 156 153 156 150 142 152 160 148 175 152 148 150 141 148 157 145 162 167 170 167 160 154 152 153 154 146 147 156 156 147 144 149 160 149 138 136 150 176 204 222 228 217 220 221 207 194 175 150 120 122 124 125 126 127 129 131 140 132 137 129 146 139 143 135 129 136 132 120 124 147 168 175 182 196 206 209 215 215 194 167 167 162 155 150 150 152 156 158 157 154 158 170 175 169 161 159 149 148 147 147 148 151 155 157 154 146 143 148 147 142 144 152 162 153 141 148 166 159 144 146 147 150 153 153 150 151 157 162 148 153 158 160 159 160 166 171 168 172 199 217 213 215 217 204 175 165 162 172 179 176 171 171 171 156 157 151 121 117 147 171 184 184 197 193 165 153 157 150 149 157 145 153 153 144 156
155 144 189 148 154 184 177 171 159 156 159 154 146 156 164 152 178 150 146 155 148 146 153 152 160 167 163 167 152 155 149 154 156 161 163 158 153 156 162 167 155 151 154 170 194 214 224 225 225 216 218 215 195 178 162 140 127 119 114 120 132 138 133 125 128 137 133 142 127 136 132 142 134 140 142 136 133 138 144 146 166 183 199 206 214 218 206 188 160 151 146 152 163 167 160 150 159 160 161 163 161 157 153 151 149 148 147 147 149 152 155 158 159 151 148 152 152 147 149 157 158 154 145 152 166 157 144 150 154 156 156 151 145 143 146 151 147 155 163 167 166 165 166 169 194 197 210 221 218 213 204 192 170 156 154 169 184 183 174 169 174 166 165 157 134 125 146 169 186 187 197 196 174 156 153 154 153 156 150 152 151 146 150
173 144 181 147 176 189 185 165 146 144 147 142 135 146 154 142 177 150 146 160 155 146 151 159 159 160 162 156 151 146 150 153 138 155 164 158 154 160 160 153 132 146 172 199 220 228 225 219 223 215 216 205 176 157 146 129 125 118 114 121 133 140 136 129 135 144 141 150 135 143 140 149 136 134 134 134 132 131 138 149 153 172 192 202 209 214 212 205 194 179 161 153 155 157 153 148 173 169 163 158 153 149 148 149 150 149 148 148 149 153 156 158 157 149 147 151 150 145 148 155 154 155 151 157 166 155 146 156 159 160 158 153 146 144 148 153 163 165 166 164 165 171 182 191 213 214 211 213 218 207 187 176 161 146 144 163 184 187 179 174 179 182 178 168 154 140 145 165 188 192 197 200 188 161 149 160 158 154 156 150 148 148 142
180 138 163 159 184 178 174 166 154 151 155 151 144 156 164 153 168 155 152 157 155 150 153 159 157 152 164 143 155 137 153 151 146 150 148 142 141 150 155 154 133 161 197 217 219 214 214 217 220 212 210 194 160 141 134 124 118 121 124 127 130 133 136 139 146 138 142 135 152 145 149 141 147 138 135 137 130 119 123 137 148 165 184 194 198 201 206 209 221 212 195 174 158 153 158 164 194 171 155 157 158 150 148 155 151 150 149 149 150 153 157 159 152 144 141 145 145 140 142 150 150 156 157 162 168 156 148 161 157 158 158 155 152 154 162 170 170 173 176 178 181 189 202 212 212 213 199 196 208 196 170 162 152 141 140 156 171 178 183 189 187 198 191 180 175 158 148 161 187 195 197 203 200 169 150 164 162 152 161 149 145 150 136
172 148 159 172 177 174 170 165 157 154 159 155 149 161 171 159 153 162 159 149 150 157 157 154 150 152 156 150 149 143 149 151 147 149 154 155 147 142 153 170 182 201 221 227 220 213 215 221 214 204 199 181 148 133 132 125 122 124 126 129 131 133 136 138 136 127 132 124 141 134 138 130 132 130 138 147 141 124 120 127 139 150 166 178 184 189 200 211 208 211 211 204 193 187 190 195 207 165 140 154 163 150 145 157 152 151 150 149 151 154 158 160 154 146 143 147 147 142 144 152 149 156 159 166 173 160 151 163 155 156 155 152 150 155 166 175 162 176 196 210 215 216 216 216 214 211 192 185 194 182 156 149 144 141 143 150 153 161 182 204 195 208 201 191 190 175 157 158 179 192 197 204 206 179 157 165 161 151 160 149 145 150 135
159 165 169 173 167 179 180 157 151 149 153 151 145 158 168 157 141 164 162 143 147 158 156 151 142 157 146 168 140 158 141 152 145 148 155 154 141 137 165 202 229 226 222 221 220 219 215 212 202 187 179 163 139 132 135 129 135 127 121 126 136 141 136 128 127 136 133 142 126 135 132 141 126 128 134 139 136 131 133 139 126 128 140 158 171 180 194 209 209 208 207 210 214 218 219 219 209 167 142 153 160 147 143 154 153 152 151 150 152 155 159 161 163 155 152 156 156 151 153 161 150 156 157 168 179 167 155 163 157 156 154 149 146 151 162 172 175 189 208 221 226 225 224 224 217 210 193 181 178 166 147 139 140 142 148 149 144 148 174 204 202 211 208 199 197 188 170 157 168 185 197 203 204 191 170 161 157 152 155 149 146 147 140
151 163 168 161 166 171 183 142 157 155 160 158 153 166 176 165 135 159 157 142 148 152 149 153 138 152 153 169 152 158 145 149 163 155 143 134 138 163 204 236 233 224 215 214 218 218 211 203 186 166 154 144 130 132 139 132 141 132 125 128 137 140 133 124 135 144 140 149 134 143 139 149 148 149 144 130 122 124 130 133 125 117 121 141 158 167 179 193 210 209 208 209 213 217 222 225 210 193 174 164 157 151 151 156 154 153 151 151 153 156 160 162 167 159 156 160 160 155 157 165 154 155 154 168 185 175 158 161 159 159 157 154 154 162 176 187 200 206 214 217 217 218 222 226 201 190 183 173 158 150 145 136 138 141 149 153 148 147 164 187 208 209 210 204 198 197 183 157 156 176 197 201 199 200 185 156 151 154 148 150 149 144 148
150 148 155 148 171 155 175 129 146 145 150 148 143 157 167 156 134 153 151 144 151 146 142 156 139 142 170 156 174 146 155 144 149 152 155 169 200 229 231 217 221 220 221 221 220 217 212 209 174 151 137 131 124 132 140 132 137 137 136 134 131 129 129 129 141 133 137 130 147 140 144 136 136 148 149 136 129 133 134 128 134 118 115 132 148 154 163 174 180 198 217 223 217 212 216 222 215 222 210 179 157 158 163 161 154 153 152 151 153 156 160 162 164 156 153 157 157 152 154 162 156 154 152 167 188 180 160 159 160 161 162 163 168 181 198 212 206 213 221 222 218 213 211 211 176 164 166 161 142 141 147 139 137 139 148 158 156 151 157 169 212 207 210 206 197 201 191 157 148 170 197 200 194 206 194 152 147 155 143 151 150 142 153
174 157 158 176 171 146 138 152 142 145 148 149 148 147 147 149 153 144 136 139 149 152 145 135 141 147 143 160 195 191 159 144 173 192 211 222 232 237 231 220 221 229 225 208 197 193 182 165 159 137 131 115 118 134 127 136 135 137 139 140 139 134 130 126 137 137 137 137 137 137 137 137 135 134 134 133 132 132 131 131 119 124 121 111 115 138 164 178 175 179 188 200 212 219 220 218 223 222 218 209 195 178 162 153 155 151 148 151 160 169 173 174 167 166 164 161 159 156 155 154 160 154 162 184 198 195 194 198 190 201 209 214 222 204 226 224 214 223 223 210 203 204 196 181 162 161 155 146 138 138 144 151 150 152 153 155 156 155 155 154 210 218 219 214 211 209 199 184 157 159 174 197 207 201 194 193 158 141 158 171 157 167 179
224 218 222 230 214 176 149 143 147 152 156 155 150 150 155 162 160 152 146 151 161 166 160 152 153 166 171 188 221 230 225 231 222 227 226 218 217 222 222 215 224 227 218 198 184 180 171 158 131 120 110 107 115 128 135 140 137 138 139 139 138 137 135 133 137 137 137 137 137 137 137 137 134 134 133 133 132 131 131 130 123 128 123 110 106 119 133 139 169 159 154 168 194 215 222 220 220 226 232 234 228 213 197 187 175 170 165 166 170 172 171 168 168 167 165 163 161 158 157 156 172 175 187 203 213 212 209 209 229 220 215 218 225 202 225 231 218 224 218 202 192 190 182 169 156 146 135 134 142 148 149 146 142 144 147 152 158 165 170 173 209 218 221 216 214 212 202 189 162 156 160 176 189 194 200 208 199 179 186 184 156 156 165
218 224 232 235 222 196 170 154 158 148 139 141 150 158 156 152 154 147 142 144 151 154 148 141 151 178 201 219 232 228 222 229 224 230 230 222 220 224 222 214 217 218 209 191 175 163 150 136 131 128 118 121 127 132 142 141 139 139 138 137 138 140 142 143 139 138 138 137 137 136 136 135 134 133 133 132 131 130 130 130 123 129 128 118 116 125 134 134 135 148 160 162 160 166 184 201 206 208 212 216 218 219 218 217 212 208 205 206 207 206 199 194 167 166 165 163 161 159 158 157 187 200 213 220 224 226 224 219 234 228 226 223 233 214 222 212 216 215 205 186 174 168 161 151 143 141 138 135 134 137 143 148 145 145 147 152 159 170 179 185 206 217 224 221 218 216 207 195 158 150 152 169 184 192 199 206 213 199 202 192 160 156 167
212 222 226 222 221 223 218 207 204 186 165 154 152 150 141 132 143 141 143 153 166 175 177 175 205 219 228 228 222 215 217 225 208 218 223 222 223 227 223 214 200 201 196 183 166 147 128 115 112 111 121 123 128 133 126 127 141 139 137 136 138 142 147 150 140 140 139 138 136 135 134 134 133 132 132 131 130 130 129 129 126 131 129 123 127 141 150 151 159 161 163 163 163 166 172 177 213 212 210 208 209 212 216 219 225 223 224 228 231 230 223 216 200 199 199 198 196 195 194 194 201 217 226 221 221 228 229 222 215 223 226 206 220 221 220 189 198 193 181 165 153 147 142 138 145 147 147 141 133 131 137 144 162 159 156 155 158 166 175 181 200 215 226 225 221 220 213 203 170 156 150 162 178 187 194 202 215 209 212 197 160 146 151
224 233 230 217 218 231 234 225 225 225 218 200 178 168 173 182 188 188 192 201 212 220 224 224 225 227 232 232 226 225 228 228 221 226 224 214 211 214 211 203 190 183 173 162 147 131 120 115 96 95 131 133 139 150 127 136 141 139 137 136 138 142 147 150 142 141 140 138 136 134 133 132 132 132 131 130 129 129 128 128 132 133 127 119 126 144 156 157 172 167 159 151 149 155 168 177 181 188 197 207 213 215 214 213 215 214 215 219 224 223 216 210 223 223 223 222 222 221 221 221 218 227 227 217 216 225 228 221 217 217 214 183 194 203 204 181 171 164 155 147 140 134 132 134 155 148 141 141 146 148 144 140 170 166 161 158 159 165 172 176 191 210 226 227 224 222 217 209 202 174 149 148 160 175 191 204 200 203 209 196 165 144 139
217 225 225 215 213 221 220 210 216 222 225 220 213 214 224 236 230 229 228 228 229 229 228 227 211 209 221 229 225 225 223 212 218 224 223 213 206 203 194 182 181 164 147 136 126 119 123 132 116 119 149 150 151 155 135 141 139 139 138 137 138 140 142 143 144 143 141 138 136 133 131 130 131 131 130 129 128 128 127 127 131 131 124 121 133 155 169 170 166 171 170 156 138 131 141 153 152 159 171 185 196 203 207 208 221 219 217 219 223 223 218 213 221 221 221 222 222 222 222 222 228 225 219 214 216 220 216 208 215 198 201 183 186 171 165 163 149 141 138 140 138 131 131 136 144 144 144 147 151 154 156 156 161 160 159 159 163 169 176 180 182 205 224 227 224 222 219 212 214 182 153 148 158 169 181 190 188 195 202 196 178 159 148
211 218 221 220 222 227 227 222 225 220 216 219 225 229 227 223 217 218 220 220 221 221 223 224 238 224 224 220 207 214 227 223 200 207 207 197 189 184 174 161 157 142 131 130 126 120 125 137 131 146 141 148 141 127 136 130 137 138 139 139 138 137 135 133 145 144 142 139 135 132 130 129 130 130 129 129 128 127 126 126 126 127 124 124 137 157 164 160 170 157 145 143 144 137 117 99 135 140 150 161 173 182 189 192 210 207 204 208 215 220 221 219 224 224 224 225 226 226 227 227 219 207 201 209 216 209 192 179 186 169 185 173 171 145 134 142 140 133 135 144 144 136 134 141 136 144 152 153 149 149 155 163 152 154 156 161 166 172 177 179 173 199 222 226 223 221 219 214 209 179 152 149 159 166 170 174 201 206 206 202 194 181 168
210 210 210 211 215 221 225 228 221 220 220 222 225 226 223 221 221 223 224 222 220 219 219 221 226 219 229 228 207 206 216 208 206 202 186 164 152 153 153 147 130 123 127 139 139 127 122 129 142 169 135 154 148 125 168 152 135 137 139 140 139 134 130 126 146 144 142 139 135 132 130 128 130 130 129 128 127 127 126 126 126 127 123 119 125 134 129 117 112 107 99 93 90 86 82 78 50 67 96 128 153 168 174 175 168 165 165 172 184 196 203 205 211 212 212 213 214 215 216 216 204 186 183 202 213 196 168 151 161 149 164 140 138 128 128 139 140 134 138 151 152 140 137 144 150 147 146 148 152 153 149 145 151 154 158 163 167 170 172 173 168 195 220 225 222 220 219 215 214 178 142 135 146 159 170 178 194 198 199 203 212 213 209
195 198 203 207 210 210 208 207 212 214 219 227 232 230 222 214 215 215 215 216 216 217 218 218 214 225 219 198 192 201 198 182 174 168 159 149 140 135 133 132 143 136 141 128 125 138 146 165 169 150 155 133 143 140 137 137 140 140 139 138 137 135 135 134 131 139 137 151 140 142 123 118 124 124 125 125 125 125 124 124 133 128 120 114 112 115 120 123 105 102 106 121 138 144 135 125 130 117 98 85 87 103 125 140 152 141 142 155 164 164 172 186 186 189 199 207 199 184 181 191 178 167 154 172 163 163 152 161 145 137 117 121 146 140 127 138 134 140 145 144 140 139 145 151 150 152 152 148 146 152 165 176 171 162 154 154 161 169 171 169 159 196 225 226 217 217 219 218 208 211 198 168 146 146 156 163 175 189 199 199 203 214 221
162 165 171 178 185 190 195 197 187 197 208 212 209 209 214 221 210 211 212 212 211 210 208 206 192 180 181 195 192 174 169 178 157 151 142 132 127 125 127 128 146 140 146 132 125 129 127 140 162 149 147 139 137 146 134 139 140 139 139 137 136 135 134 134 136 136 139 138 141 137 135 131 134 131 126 123 122 124 127 130 117 117 120 126 138 152 165 173 158 155 156 167 180 182 173 162 169 167 162 155 145 133 123 117 90 102 127 149 152 144 149 163 161 174 185 184 175 170 172 175 174 163 146 158 144 140 125 131 134 130 128 126 126 135 144 144 133 134 138 142 148 150 150 149 143 151 160 161 154 147 144 144 153 157 162 166 168 168 169 170 179 208 230 227 217 217 221 222 211 212 197 167 145 144 154 160 170 185 196 197 199 208 212
122 131 145 160 171 177 179 179 170 174 181 190 195 195 191 187 192 193 195 195 192 187 182 178 174 170 173 179 174 157 146 146 139 135 129 123 121 123 127 130 131 128 139 131 128 133 127 136 151 144 139 143 133 152 132 140 139 139 138 137 136 134 133 133 139 133 140 127 139 130 142 141 133 130 125 124 127 134 143 149 154 153 153 156 163 172 181 187 180 176 175 181 189 188 179 168 183 185 186 186 181 174 167 162 159 149 134 114 92 79 88 106 134 147 152 144 141 145 140 128 152 137 114 120 112 124 125 138 128 123 133 129 117 138 158 142 134 132 134 144 155 160 155 148 144 150 156 158 154 151 150 151 160 165 167 164 158 159 168 178 198 218 233 229 220 220 224 225 214 213 196 165 143 142 150 154 160 177 191 193 196 202 203
53 65 85 107 125 138 146 148 171 164 157 158 166 173 174 172 171 173 175 175 171 165 158 154 153 158 159 152 146 142 132 122 127 128 130 131 133 134 135 135 139 133 140 132 128 132 124 131 143 137 138 141 138 152 135 139 138 138 137 136 135 133 133 132 135 133 136 126 130 125 136 138 124 125 129 135 145 156 167 173 181 181 181 182 186 192 198 202 195 192 191 194 199 198 190 183 195 191 186 182 181 184 188 191 178 176 175 171 157 135 114 102 87 82 74 75 92 114 123 120 101 105 103 124 124 136 126 128 132 125 129 133 134 147 151 133 138 138 142 150 157 158 153 148 158 158 158 157 157 158 161 164 160 161 160 158 158 165 177 187 197 211 225 229 226 224 223 224 217 214 195 164 143 140 143 143 144 164 182 188 194 201 202
118 104 83 68 65 76 93 105 109 122 138 146 147 146 149 152 149 151 153 153 151 147 143 140 126 122 122 127 127 122 123 128 120 126 135 142 145 143 138 134 145 135 138 130 131 141 136 144 140 130 145 138 150 149 139 136 137 137 136 135 134 133 132 131 128 134 131 133 120 125 124 132 128 135 146 158 170 178 182 184 192 193 195 198 204 210 215 218 207 206 206 209 213 214 211 207 200 199 197 195 194 192 191 191 197 193 184 175 173 175 177 177 158 133 105 89 84 89 104 119 106 112 109 124 123 136 125 122 131 136 134 144 157 146 131 135 144 150 156 156 152 149 149 150 169 167 166 164 162 158 153 150 147 147 152 163 175 183 184 183 179 191 209 226 231 227 221 218 216 214 196 167 146 138 134 128 126 147 169 180 190 201 205
159 161 161 154 136 111 85 69 61 73 89 104 113 116 116 115 116 117 117 118 120 121 123 124 118 124 123 117 118 128 131 127 120 126 136 144 146 142 136 131 142 131 135 131 138 153 150 158 140 130 152 141 158 150 141 134 136 136 135 134 133 132 131 130 123 133 128 136 116 127 125 139 153 160 171 183 190 192 191 189 209 209 210 211 212 213 215 216 211 212 213 215 218 220 221 220 207 209 211 213 214 214 213 213 198 209 210 193 175 167 167 166 163 152 142 131 108 88 90 106 130 128 109 109 106 134 138 143 128 147 150 156 162 138 126 151 153 158 162 157 149 145 149 156 166 160 154 152 154 157 158 157 169 162 157 161 171 177 175 170 166 172 192 218 231 226 218 214 213 212 198 172 151 138 125 111 112 133 154 166 179 194 203
175 172 166 161 159 161 163 166 123 104 80 69 74 87 97 102 96 95 94 96 101 109 117 123 119 134 136 126 127 141 141 127 134 135 138 140 141 139 137 136 153 142 145 139 143 149 136 137 142 137 153 151 158 157 138 133 136 135 134 133 132 131 130 130 124 129 130 128 121 129 145 161 177 181 189 197 202 205 204 204 211 212 214 217 219 221 222 223 225 226 227 227 227 228 231 232 230 227 223 220 219 219 221 223 208 223 227 211 196 194 195 193 194 195 193 184 161 130 104 90 108 118 112 120 121 146 141 136 135 148 156 156 151 144 148 161 161 159 155 151 149 152 157 161 160 153 146 147 156 165 170 171 183 176 166 160 159 163 168 171 167 165 180 208 225 222 215 215 209 210 200 178 157 139 117 97 103 122 140 150 162 180 191
212 205 194 183 176 174 175 177 181 170 149 122 98 84 83 85 101 99 97 100 108 120 133 141 110 103 114 139 147 135 134 146 151 147 143 139 138 140 143 145 145 136 145 144 149 153 134 131 143 144 151 162 154 164 134 133 135 135 134 133 132 131 130 129 127 126 133 118 127 130 164 182 187 189 194 201 208 215 220 223 217 218 220 222 223 223 222 222 223 224 224 222 220 220 222 225 224 224 223 223 222 221 220 220 225 231 226 211 207 213 209 197 201 195 183 178 184 183 155 122 108 119 112 118 118 144 139 132 148 143 152 150 140 158 175 160 166 156 145 144 152 161 165 165 160 159 162 169 176 174 164 154 153 161 168 170 168 170 177 183 175 167 174 201 219 219 215 217 207 209 201 181 160 139 112 89 100 117 132 139 150 168 180
225 217 210 209 211 210 203 195 186 179 175 171 153 124 103 96 87 92 95 90 85 95 118 138 134 157 155 147 150 151 149 151 165 157 155 145 131 141 152 140 150 142 137 161 160 134 138 146 151 140 141 137 152 148 124 148 135 133 131 129 128 128 129 129 125 132 143 155 168 177 183 186 186 192 208 224 224 216 220 232 228 227 226 225 223 221 220 220 224 226 227 224 220 221 226 232 220 215 228 238 228 224 227 221 221 220 220 220 221 220 217 215 199 200 201 199 191 180 169 162 115 98 119 115 128 149 127 134 147 165 142 148 159 176 148 147 140 148 157 160 160 162 169 177 180 172 162 157 157 157 154 151 162 163 165 168 171 173 175 177 177 180 175 183 208 216 211 214 207 212 208 175 147 144 87 84 103 122 138 144 150 160 164
230 225 218 214 213 214 213 211 185 193 193 183 174 167 155 140 132 103 86 94 99 99 122 156 186 191 185 187 192 170 137 125 164 159 152 141 136 145 149 139 145 150 143 151 150 140 147 141 143 147 134 136 150 141 133 140 129 130 130 131 131 130 130 129 139 145 155 167 178 187 193 195 200 212 221 219 214 215 223 230 214 215 217 219 221 224 225 226 227 223 219 219 222 225 226 226 231 223 229 232 223 223 229 224 222 226 228 225 219 213 211 212 208 209 209 207 200 190 180 173 160 117 106 99 134 178 169 176 182 168 149 159 150 162 151 147 151 162 175 181 179 174 172 172 161 165 165 159 150 147 154 162 166 165 165 164 163 162 161 160 172 176 171 180 206 215 210 214 208 211 206 173 145 141 84 83 109 129 147 154 159 167 169
216 219 221 221 218 216 218 220 206 212 210 200 193 191 183 171 152 130 105 94 99 117 145 167 187 174 153 138 132 119 116 140 161 162 148 136 143 151 146 140 142 159 149 140 139 146 156 138 136 152 129 134 144 135 142 130 126 127 128 130 132 134 135 136 158 164 173 184 193 201 205 207 216 226 226 215 215 225 227 221 223 222 219 216 212 209 206 205 198 191 184 185 192 197 195 191 209 208 222 233 229 233 234 222 217 224 230 230 224 219 219 221 218 219 219 217 211 203 194 189 184 148 132 112 129 171 186 213 193 157 144 158 141 152 162 159 171 174 174 170 163 157 156 156 158 156 153 152 154 156 157 158 154 155 158 160 163 166 168 169 165 169 165 175 203 213 209 213 210 209 201 170 141 135 80 83 117 138 158 167 171 176 174
211 221 231 232 225 217 214 215 224 216 212 212 205 191 185 187 181 173 150 121 104 108 124 135 119 134 150 145 137 119 105 126 157 163 145 134 149 154 143 140 144 161 148 137 136 146 157 140 133 146 133 130 135 138 141 125 130 128 126 127 131 140 148 154 176 180 188 197 205 210 213 214 223 224 222 222 228 230 218 201 198 194 188 180 171 163 157 154 160 158 155 154 155 158 160 161 166 169 187 202 210 226 233 220 224 227 230 231 230 228 226 224 224 224 224 222 218 212 205 201 187 176 174 146 132 147 163 195 207 182 169 172 165 173 183 184 167 164 160 154 150 149 151 153 163 157 152 154 160 162 159 154 178 176 173 168 163 158 155 153 159 163 160 171 200 211 208 212 211 205 194 165 136 129 77 85 122 145 166 175 178 180 175
193 202 213 217 217 219 227 234 224 217 216 220 216 206 202 206 200 178 166 162 140 108 102 117 137 141 141 119 122 133 126 145 152 161 147 136 150 154 144 142 149 156 143 142 141 141 152 145 138 135 141 128 129 146 135 126 139 134 127 126 134 149 166 178 189 192 199 206 211 215 216 216 222 221 228 236 229 207 185 174 162 162 160 158 156 154 152 152 151 158 163 158 149 147 157 167 151 148 153 159 172 205 227 218 231 226 222 223 227 229 225 220 224 224 224 222 219 215 211 209 204 194 188 168 154 153 148 155 188 191 174 155 162 161 157 157 152 154 159 164 168 169 167 164 160 166 170 166 159 154 157 161 157 158 160 162 165 167 169 170 157 161 158 169 198 209 206 210 209 197 185 159 131 124 76 90 127 149 169 177 178 179 173
175 174 172 172 177 188 204 215 219 228 230 224 222 224 219 210 195 179 172 178 173 150 126 116 110 118 131 112 122 139 119 127 146 156 153 143 146 150 147 145 151 150 139 149 148 137 147 147 145 128 144 133 130 147 133 130 145 140 135 135 145 164 184 197 199 202 207 212 215 217 217 217 221 223 230 230 205 169 152 154 161 162 163 164 166 167 168 169 157 168 177 170 156 152 165 180 165 163 166 166 176 206 218 199 200 197 195 198 207 217 225 229 222 222 221 220 218 217 215 214 218 205 194 181 175 172 163 159 171 188 177 151 171 165 158 160 170 166 162 161 164 165 163 161 165 167 168 168 164 161 158 157 165 164 161 158 154 151 149 147 159 163 160 170 197 208 204 208 204 188 175 152 128 121 77 98 134 154 171 176 176 177 172
173 166 156 150 149 149 149 149 195 207 215 216 219 223 219 209 213 209 199 190 186 176 150 124 114 107 119 115 139 155 122 128 141 151 160 152 140 144 151 148 147 149 141 153 152 139 145 143 149 130 137 143 136 139 140 132 145 144 146 152 165 181 197 207 208 210 214 218 220 220 219 218 224 216 204 189 172 156 148 146 160 159 158 156 154 153 151 151 159 167 172 167 157 155 165 177 169 174 184 185 189 207 201 166 163 169 172 170 168 179 203 223 223 222 221 220 219 219 219 219 215 211 204 196 189 184 182 182 152 151 156 141 155 148 157 156 183 171 156 148 149 152 153 153 162 158 156 161 169 169 162 153 147 148 150 153 157 160 162 163 164 167 163 172 198 207 202 205 199 180 166 147 125 119 79 105 144 161 175 176 175 178 175
150 149 151 158 164 160 147 135 152 157 176 201 215 215 216 222 228 212 207 211 201 176 164 170 153 108 101 112 161 176 120 109 138 148 164 158 135 139 154 149 142 150 144 153 152 142 146 138 151 136 128 151 143 130 148 133 141 146 154 166 180 193 203 209 214 216 220 222 224 223 221 220 228 204 168 145 151 166 163 146 160 159 157 155 153 151 149 148 162 164 165 162 158 159 165 170 160 164 170 167 170 188 180 143 158 170 173 155 132 133 162 192 224 223 222 221 221 222 223 224 213 210 204 202 201 195 190 183 176 149 162 156 152 138 161 156 161 156 152 154 162 165 163 158 144 151 159 163 162 160 161 164 156 157 158 159 160 162 163 163 168 171 165 173 198 206 201 204 196 175 161 144 124 119 80 109 151 167 178 177 176 179 178
179 164 160 161 146 154 132 149 146 123 145 149 195 226 230 223 215 220 223 220 214 207 195 185 182 145 134 125 133 139 118 121 120 141 160 159 157 158 151 149 146 132 173 184 130 148 151 137 122 135 148 150 141 134 135 139 140 159 180 190 190 193 205 217 231 230 224 222 220 218 221 221 197 162 155 166 163 165 172 166 151 153 155 155 154 154 156 158 161 152 153 166 173 168 161 160 177 151 154 188 173 195 140 165 167 168 176 160 165 148 165 165 162 198 219 234 222 217 232 207 221 217 213 214 215 212 203 195 182 178 160 137 132 145 156 157 161 155 148 147 151 155 156 155 153 158 162 160 155 154 160 167 149 156 165 169 168 166 168 170 173 171 172 181 193 200 199 195 197 158 126 134 135 93 79 118 163 166 168 169 167 161 154
167 161 165 142 160 169 168 151 195 143 124 153 138 204 225 219 228 227 226 227 229 225 212 199 172 156 148 135 120 110 105 116 130 173 174 145 135 146 152 143 143 153 170 163 130 149 140 137 131 133 135 138 140 139 136 134 161 171 185 196 203 207 211 215 223 220 220 227 236 239 234 228 181 161 163 169 157 156 170 174 152 153 155 155 155 155 157 158 165 155 154 164 170 165 160 161 181 169 162 185 166 169 149 172 168 170 176 170 171 162 165 164 168 151 177 217 230 226 221 222 222 226 228 224 215 209 209 212 191 184 172 157 142 137 147 159 139 147 156 156 152 150 156 162 164 158 150 147 150 158 166 171 164 157 152 155 162 167 163 157 164 165 171 182 193 196 191 184 181 165 138 126 116 90 88 122 131 137 146 156 163 166 166
145 157 157 136 151 157 172 149 159 143 156 163 141 148 207 229 221 219 220 225 229 227 220 214 202 197 183 171 147 122 125 132 129 191 182 155 150 154 162 143 141 170 163 143 133 149 129 137 134 132 129 129 132 135 138 139 177 180 188 200 212 217 215 211 218 221 228 227 222 219 215 217 177 158 155 162 160 161 167 164 154 154 154 155 156 157 157 157 171 160 156 162 164 160 158 162 183 174 161 173 168 157 168 182 185 174 158 153 149 164 167 177 156 141 169 179 200 237 228 218 222 225 227 223 217 215 220 225 203 195 189 178 155 133 136 152 147 146 148 150 153 155 154 152 156 150 146 150 160 166 163 159 162 160 156 151 149 151 156 160 155 161 171 183 191 190 181 173 177 173 147 119 110 108 116 134 153 159 169 179 185 188 188
141 166 151 158 134 136 149 152 145 156 148 141 165 134 181 229 220 218 220 224 221 214 213 218 217 207 178 177 165 137 134 122 140 195 177 167 165 151 159 142 144 164 151 144 138 146 128 136 127 132 134 128 122 126 142 157 179 182 191 203 213 218 217 214 225 226 230 204 176 166 167 184 175 162 156 158 161 162 158 151 156 154 152 154 158 160 158 156 175 164 158 161 160 155 157 164 180 159 158 158 178 170 182 186 166 160 151 160 153 173 153 157 151 169 185 156 161 220 236 216 225 219 214 216 222 227 226 223 212 206 200 188 166 143 133 135 161 153 145 143 147 149 146 142 146 145 148 155 162 163 159 154 154 157 159 155 149 149 156 163 158 163 172 181 185 183 177 172 184 173 146 125 129 145 156 160 174 181 192 203 212 216 217
154 175 159 167 142 138 151 157 139 169 145 168 153 141 155 210 221 209 205 215 220 215 214 220 217 202 172 179 177 152 143 122 157 204 186 170 152 134 155 148 156 146 139 159 141 141 135 134 127 131 132 127 123 133 153 171 180 189 201 211 216 219 222 224 236 209 192 161 149 154 146 155 162 172 174 165 155 148 147 151 158 154 151 153 159 162 159 154 173 164 160 162 159 153 157 166 173 147 174 156 179 177 172 181 157 153 156 167 161 179 150 152 172 182 174 164 157 184 230 230 229 224 219 220 225 227 223 218 217 214 204 189 177 163 142 121 142 149 154 152 145 140 141 144 147 149 150 148 146 149 157 164 152 150 150 156 164 167 162 156 166 170 174 177 177 177 177 177 179 162 147 144 151 169 186 192 184 190 199 208 214 217 216
158 158 156 144 157 151 164 151 139 141 168 187 145 139 177 194 179 159 156 182 207 215 220 229 224 213 200 203 197 176 164 154 141 196 211 198 169 163 191 182 177 143 133 165 138 136 142 133 134 129 125 127 137 154 170 181 193 202 214 222 224 224 226 229 224 172 146 133 159 187 161 150 158 175 175 164 161 155 147 147 160 154 149 153 161 165 160 153 166 161 162 165 161 154 157 167 166 153 194 164 167 165 153 171 168 159 169 166 164 181 161 170 179 176 156 164 163 176 222 221 218 225 230 230 223 218 218 220 219 218 208 194 189 183 157 127 121 131 145 155 157 153 146 142 141 149 155 154 147 144 149 155 144 147 153 160 164 165 162 159 169 172 175 175 172 170 173 176 163 153 159 169 167 177 201 215 209 213 218 222 222 219 215
161 140 146 141 161 156 157 157 181 130 155 148 156 166 203 180 138 127 134 160 176 181 200 227 224 214 217 214 204 186 167 168 127 157 201 221 204 210 228 214 200 165 134 152 129 132 143 132 131 129 128 134 148 167 185 196 212 212 216 222 227 226 219 213 181 148 150 147 171 195 164 157 152 171 168 160 171 170 155 149 162 154 148 152 162 166 161 152 157 157 163 169 165 156 158 169 160 162 185 166 159 156 152 163 157 152 186 176 180 181 161 168 165 161 158 158 160 182 200 188 181 193 209 219 221 220 222 225 222 219 214 209 205 193 173 155 129 127 129 140 152 158 153 147 141 147 155 159 156 148 140 136 142 150 157 156 151 149 155 161 160 168 175 175 170 164 163 165 163 158 176 191 187 195 214 218 218 221 224 225 223 217 211
175 144 145 172 163 160 143 181 167 161 167 173 164 186 162 161 145 149 162 169 152 138 165 210 236 219 228 222 214 201 173 175 145 121 161 207 209 218 228 217 215 189 137 136 120 130 141 133 122 131 140 144 150 167 192 213 223 215 209 214 224 222 207 191 137 145 186 178 168 169 147 163 134 169 177 166 169 167 160 166 163 154 147 152 163 167 161 152 152 154 163 172 167 158 159 169 158 165 161 160 159 159 164 159 166 152 184 155 164 166 165 182 159 142 163 164 160 172 164 167 143 152 171 196 219 231 230 226 225 219 220 224 216 195 182 181 143 140 134 127 127 137 154 167 157 151 146 146 149 149 142 134 157 151 144 142 146 149 150 149 151 162 174 177 170 160 155 154 177 170 187 204 207 221 228 211 223 222 217 208 194 178 164
166 140 165 175 155 142 139 160 150 154 157 162 174 179 159 133 138 156 146 167 141 135 151 173 201 222 222 225 210 218 201 192 168 150 146 170 200 215 217 219 211 219 206 174 159 163 152 128 146 127 140 165 169 181 204 210 223 220 218 215 216 210 183 160 162 160 156 153 151 151 152 153 146 166 189 171 171 189 166 146 145 162 156 159 151 148 178 188 160 161 162 164 165 167 168 168 150 168 155 178 160 158 163 166 153 170 154 171 157 159 169 171 153 144 152 156 176 178 153 172 147 155 151 148 165 199 228 233 222 223 220 215 217 216 200 180 159 132 133 137 147 151 136 144 148 160 156 153 160 150 136 141 153 140 143 160 160 143 140 153 156 171 178 167 157 160 168 172 180 202 209 226 225 213 219 210 220 209 194 182 172 160 144
167 147 150 157 162 168 168 173 173 160 152 159 170 167 150 134 158 171 151 158 138 140 143 143 160 171 217 226 222 206 205 174 175 155 140 150 183 210 212 201 211 215 208 191 181 183 184 182 172 147 152 175 186 199 210 206 226 227 231 231 216 187 160 146 168 164 158 152 147 145 144 143 145 159 173 156 158 179 168 156 145 163 168 166 157 149 152 147 157 157 158 159 160 160 161 161 161 177 170 180 162 167 164 165 163 162 157 161 169 165 168 158 169 162 155 168 173 154 148 156 168 160 153 152 156 172 204 231 223 225 222 216 216 216 202 184 169 143 133 125 130 140 131 138 154 155 149 144 147 146 144 149 152 151 145 138 139 147 154 155 162 173 175 166 163 173 185 189 186 204 206 217 220 218 225 213 189 184 175 165 160 160 165
134 160 168 166 162 159 172 182 166 154 154 172 179 163 141 130 164 177 160 152 135 140 139 130 136 137 200 232 230 213 218 184 183 170 148 139 159 190 200 192 202 199 196 193 186 184 193 205 177 161 165 185 197 209 217 213 223 224 223 219 191 155 143 145 163 160 154 149 144 142 141 141 147 152 156 141 145 166 168 166 143 153 163 155 156 167 161 154 160 160 160 160 160 160 160 160 167 180 182 173 160 174 162 159 166 156 169 158 175 165 161 152 156 156 149 175 169 148 167 165 161 144 147 159 159 156 181 225 222 227 225 218 216 215 205 192 185 163 143 120 119 134 133 135 141 140 147 151 147 147 147 141 140 149 147 137 139 152 156 148 165 172 173 169 176 193 206 209 215 228 218 200 183 176 179 167 144 148 150 147 144 149 163
159 175 149 145 156 153 166 170 145 150 163 177 176 159 144 139 152 166 164 152 135 134 141 145 136 136 163 217 219 229 219 210 192 185 166 144 141 158 178 189 194 189 184 182 179 175 177 182 156 161 176 190 197 206 219 226 218 215 191 171 149 136 150 157 151 149 146 144 144 145 147 149 153 151 148 140 143 156 163 167 162 159 166 150 157 180 167 162 167 167 167 166 166 166 165 165 162 172 183 162 156 178 161 154 159 157 182 168 168 162 152 157 155 156 161 172 157 150 170 164 162 142 152 166 162 146 145 176 215 225 228 221 216 215 209 200 196 183 158 129 125 139 142 137 146 142 157 168 160 161 163 150 137 140 142 143 146 151 153 152 161 169 174 178 192 212 220 217 219 228 214 180 153 149 154 151 145 152 160 164 164 163 165
142 167 163 180 188 160 148 141 145 163 174 164 149 146 150 154 153 151 156 151 143 134 140 154 138 141 136 179 214 228 207 217 204 188 167 150 136 133 146 164 183 181 175 171 172 173 166 156 151 169 184 193 202 209 217 225 218 214 169 136 128 142 167 157 148 146 144 143 143 145 148 150 160 154 148 150 150 149 156 162 164 158 166 156 164 182 164 157 166 167 167 167 167 168 168 168 160 167 182 159 163 183 170 160 158 161 176 175 161 168 147 158 157 155 175 162 146 162 166 162 164 142 149 152 155 151 133 144 200 217 229 224 217 215 212 206 195 190 167 143 134 140 143 133 131 122 130 135 128 135 146 139 143 142 138 135 139 151 161 166 156 169 183 193 208 222 223 215 223 214 193 163 150 156 159 158 150 149 151 156 160 159 151
167 177 170 164 155 149 171 194 151 174 183 163 141 137 143 146 169 145 148 143 151 140 136 143 142 148 145 156 224 223 211 219 215 187 163 153 144 128 119 120 144 145 144 141 144 150 150 145 169 187 193 199 215 222 216 214 223 223 170 139 138 157 176 144 155 153 149 145 143 142 143 144 164 155 145 157 157 144 153 162 170 157 154 152 158 164 159 161 158 158 160 162 164 165 167 168 168 171 182 166 178 185 182 168 163 163 158 171 163 176 154 155 164 157 174 156 148 167 158 162 169 144 145 135 145 161 145 150 179 205 227 228 220 216 214 210 194 191 168 152 139 130 133 124 134 132 138 143 141 144 148 144 131 143 147 142 147 163 168 160 161 180 199 210 218 226 223 214 231 194 163 143 147 156 147 146 172 164 157 158 165 169 166
172 164 165 158 162 181 181 174 160 169 173 163 148 139 138 141 167 146 153 136 149 144 138 137 143 153 156 155 205 215 223 228 220 201 181 169 158 137 110 91 98 98 102 104 101 103 124 148 169 195 202 204 222 227 217 215 222 222 170 149 151 160 176 143 156 154 150 147 145 145 146 147 163 150 136 155 156 139 155 169 186 170 154 161 158 144 149 157 154 155 158 161 165 169 172 173 177 176 177 171 187 176 182 165 163 163 154 163 167 168 166 159 183 170 161 160 161 152 143 155 186 160 163 145 146 161 142 152 158 192 224 231 223 217 215 212 210 202 174 161 142 121 125 121 118 127 133 138 144 138 129 129 124 136 150 160 167 170 165 158 177 199 218 222 221 224 224 220 201 159 139 134 142 151 150 168 153 151 149 149 150 152 152
147 158 188 169 152 175 173 159 177 162 150 148 145 141 147 159 150 146 164 133 141 143 145 144 135 148 144 153 158 202 222 234 219 221 212 190 168 146 114 86 79 75 81 87 74 68 107 159 149 190 207 206 218 222 219 229 217 212 161 149 151 153 176 154 148 147 146 146 148 151 155 158 161 144 126 149 152 136 158 178 161 157 153 185 186 156 162 168 156 158 162 167 172 177 180 182 180 176 170 170 187 162 174 155 155 164 163 160 167 150 175 169 173 161 133 162 179 149 154 174 173 154 173 163 162 170 150 168 145 184 222 232 225 218 215 212 231 216 182 171 147 117 123 125 121 130 124 120 131 129 122 132 140 131 140 166 173 161 162 177 193 214 230 228 221 222 227 228 180 147 146 146 144 147 161 205 138 148 159 161 154 145 141
154 168 176 190 161 134 158 162 165 171 152 160 166 147 148 151 135 171 161 164 146 156 159 142 141 136 133 151 156 205 226 223 206 216 201 179 172 150 117 103 54 51 68 73 67 52 125 163 181 194 203 206 213 222 222 215 204 156 144 141 150 138 153 153 146 142 145 141 137 154 168 160 172 165 142 147 170 149 133 163 154 159 152 157 172 163 153 167 157 158 163 165 169 167 168 166 167 178 161 171 155 156 161 163 160 171 158 161 168 205 192 171 158 156 154 153 156 160 166 169 162 172 180 178 169 164 168 175 173 174 207 237 218 213 223 227 220 213 182 175 171 119 140 126 137 134 131 129 128 127 124 121 146 136 133 144 162 177 188 195 221 223 224 222 221 221 220 217 159 154 147 143 143 148 156 161 149 149 149 149 149 149 149
161 163 181 182 169 171 174 170 183 175 143 144 153 139 139 142 148 148 145 149 151 140 142 138 142 149 149 157 140 165 196 227 215 218 205 187 177 158 127 104 46 50 59 54 64 83 152 168 187 199 207 209 214 222 220 212 172 146 142 160 157 152 143 133 144 141 144 140 136 152 166 157 151 153 139 145 162 144 136 170 155 158 149 144 148 140 143 168 166 160 161 152 162 161 174 176 172 183 165 174 156 157 161 163 173 165 179 167 193 175 176 154 166 165 164 163 163 164 165 166 163 152 143 148 162 170 165 155 146 158 196 231 231 221 218 217 219 217 196 184 180 129 128 117 127 127 128 128 129 128 125 123 130 130 137 153 172 190 203 211 210 216 225 227 220 210 210 215 171 159 146 141 144 147 146 143 149 149 149 149 149 149 149
174 161 180 168 163 183 162 146 157 157 141 145 153 139 137 144 173 146 151 145 162 145 145 147 155 160 151 157 143 153 174 219 227 220 211 199 185 171 142 108 58 57 56 51 72 112 170 172 196 207 213 213 215 221 218 209 198 169 149 164 140 146 153 171 141 138 142 138 133 149 161 152 139 147 141 144 153 136 133 167 148 159 163 163 157 141 141 162 152 154 166 166 176 168 169 164 179 189 170 178 159 158 161 163 179 170 171 188 182 166 154 162 167 167 168 167 165 163 160 158 138 145 157 171 178 174 162 152 157 161 175 202 235 233 220 215 217 220 212 194 190 144 116 111 116 119 124 128 128 126 124 123 122 134 153 170 187 202 215 222 217 221 216 195 170 154 152 156 177 163 148 145 151 153 147 138 149 149 149 149 149 149 149
163 150 163 163 165 180 166 148 135 149 152 153 150 133 136 158 178 156 163 145 153 155 149 156 156 168 155 159 155 163 168 204 234 221 218 211 194 184 158 117 85 74 73 78 92 125 166 173 204 213 218 216 216 219 214 205 168 134 123 148 136 132 136 152 138 135 139 136 131 144 155 144 144 148 142 143 148 134 130 151 141 152 168 178 173 154 147 155 159 161 156 163 161 171 171 177 184 194 174 181 161 159 162 163 177 172 160 184 162 163 158 186 156 159 162 164 163 160 155 153 150 161 172 171 163 161 170 180 174 179 175 183 231 230 221 224 217 220 220 197 191 159 115 117 110 116 124 127 125 122 121 121 129 151 176 190 200 211 218 219 226 223 202 170 150 152 159 161 167 160 154 154 157 159 155 151 149 149 149 149 149 149 149
166 160 160 179 175 165 171 156 156 160 157 147 141 131 136 165 158 149 150 142 129 142 134 155 142 171 165 162 152 160 155 174 229 220 223 218 202 192 169 130 98 95 104 110 110 139 165 176 207 216 220 217 215 217 211 201 133 108 113 126 143 141 142 125 133 132 137 134 128 140 148 137 146 144 137 141 150 144 136 142 139 138 150 166 167 158 154 154 156 164 150 171 155 179 170 180 185 195 175 182 162 160 163 164 171 165 178 161 170 152 174 182 150 154 159 163 164 163 161 159 165 161 155 152 153 158 163 166 158 176 180 176 229 223 219 228 218 217 219 196 182 169 125 127 110 117 125 126 121 118 120 123 139 167 194 205 212 221 221 215 214 191 170 165 165 166 173 182 151 156 161 159 153 149 150 154 149 149 149 149 149 149 149
174 171 164 185 172 147 160 147 159 151 146 144 155 153 144 162 147 141 135 146 126 132 129 158 144 161 153 153 146 157 137 129 213 218 224 220 207 195 173 145 96 108 125 127 118 156 174 182 206 215 219 215 213 215 209 199 152 151 159 128 128 137 160 141 129 128 134 132 125 135 142 129 134 131 130 137 149 152 147 142 138 131 146 167 168 164 161 154 145 158 154 179 166 183 168 173 182 192 173 181 162 161 164 165 167 176 183 170 164 160 162 159 156 158 162 165 168 169 169 169 165 158 152 154 160 163 159 153 155 157 152 147 223 232 230 224 220 216 216 199 171 170 137 128 108 116 123 122 118 118 127 135 151 180 205 213 221 231 225 210 190 150 138 165 171 146 137 154 141 153 162 159 146 137 138 144 149 149 149 149 149 149 149
169 164 169 178 169 163 164 151 146 137 140 146 166 168 149 161 146 147 138 145 142 142 151 156 151 144 134 149 144 155 135 117 194 215 224 218 210 195 173 160 109 109 124 133 121 159 171 189 203 212 216 212 211 213 207 197 139 150 162 142 118 119 133 126 126 126 132 130 123 132 138 124 122 124 131 136 140 144 144 139 141 133 150 166 157 153 160 157 160 157 157 155 163 170 181 186 176 187 169 178 160 161 165 167 174 187 172 179 151 167 150 151 164 163 163 162 163 165 167 168 173 168 161 154 154 161 173 182 157 150 146 139 221 235 237 217 222 216 217 209 164 166 142 115 102 110 117 118 117 123 140 155 175 199 215 216 223 232 219 193 168 142 141 168 174 149 139 152 140 150 160 161 154 147 145 146 149 149 149 149 149 149 149
194 181 196 182 173 185 165 148 157 146 146 139 149 153 141 165 139 153 144 130 149 153 172 142 142 133 137 159 138 142 142 145 181 213 223 215 211 193 172 169 132 106 112 137 125 150 157 193 200 209 214 210 209 212 206 196 134 113 106 133 123 129 124 126 125 125 131 129 122 130 135 121 119 127 138 137 128 129 133 130 149 134 139 139 119 123 151 165 152 147 170 155 184 165 184 175 172 183 166 176 159 161 166 168 189 179 175 153 159 151 162 159 167 164 159 155 154 155 158 160 154 158 164 168 171 172 172 173 136 155 183 173 227 221 228 213 224 218 219 218 161 162 142 101 96 104 113 115 116 128 151 170 198 217 225 219 222 228 207 174 158 157 157 157 156 152 150 150 141 148 157 166 170 169 164 161 149 149 149 149 149 149 149
185 181 175 168 162 158 157 156 154 134 175 163 158 137 166 137 149 149 148 148 147 146 145 145 153 149 146 146 148 146 140 134 156 217 238 219 214 208 187 172 141 104 108 100 126 149 174 193 193 202 193 206 210 202 209 196 143 119 118 127 121 122 128 121 115 124 126 121 121 126 124 116 130 130 131 132 134 135 136 136 139 141 139 133 128 131 142 152 146 153 179 189 173 168 171 162 176 177 172 167 172 182 182 174 179 175 170 167 167 167 162 155 161 171 166 167 143 147 147 160 162 163 161 153 146 147 157 167 156 167 162 171 210 230 228 233 228 212 222 211 195 184 135 94 101 98 109 117 116 140 174 183 209 218 211 227 226 201 187 160 152 160 166 161 149 144 150 159 144 146 150 155 159 161 162 163 159 159 157 156 154 152 151
184 180 173 165 159 154 152 151 160 148 162 164 150 150 160 146 147 147 146 145 145 144 143 143 137 144 149 148 143 143 150 158 141 202 231 220 218 212 189 172 158 101 83 80 131 164 179 182 194 201 199 200 194 186 189 187 154 135 127 130 127 123 123 122 118 109 113 127 129 117 116 126 118 118 120 122 125 127 128 129 126 133 139 140 136 134 137 141 166 160 162 166 167 172 174 168 186 185 176 167 168 177 176 168 184 171 166 173 174 164 159 162 174 163 154 150 158 157 153 145 162 161 159 156 154 156 162 167 150 157 160 182 220 230 226 234 228 213 221 211 195 183 138 97 100 98 112 111 121 156 176 189 218 222 223 230 217 186 166 152 150 152 153 150 146 143 144 146 149 149 150 152 155 158 161 163 154 154 155 155 155 156 156
177 174 168 162 158 156 155 155 158 166 156 168 141 157 151 162 150 149 149 148 147 146 146 146 147 143 139 137 140 144 148 150 122 179 215 217 218 215 195 176 163 99 65 66 131 169 181 178 194 193 200 197 191 180 158 150 131 134 141 156 164 150 134 134 122 128 135 140 147 153 155 154 149 147 144 140 135 130 127 125 134 136 135 132 130 131 137 142 155 164 164 161 163 164 170 182 190 187 176 165 167 176 178 171 186 166 162 176 177 161 156 167 171 158 159 145 161 151 156 147 153 150 148 149 152 154 153 152 171 172 178 204 231 230 222 229 227 215 220 210 194 182 144 104 99 99 110 108 136 173 182 200 221 221 232 223 199 171 151 154 154 151 148 147 149 148 145 142 156 154 151 149 150 155 159 163 151 152 153 155 157 159 161
172 170 166 164 162 163 164 166 150 174 161 171 147 158 145 168 154 154 153 152 151 151 150 150 162 151 138 132 134 137 136 133 127 173 209 215 215 215 200 182 148 101 68 68 129 158 176 182 190 179 194 197 200 187 132 105 94 98 95 107 130 134 138 159 154 167 172 167 171 182 182 172 173 171 169 165 161 158 155 154 151 148 142 136 132 132 136 139 129 155 165 168 174 167 165 181 183 181 172 163 168 182 186 181 179 163 159 170 172 160 156 163 164 160 163 152 155 147 155 155 171 165 161 163 168 169 162 155 172 175 182 197 216 224 224 224 226 217 219 210 193 181 151 114 97 103 99 120 160 179 194 212 216 219 230 199 171 164 152 164 161 160 159 158 156 154 153 153 161 156 151 147 147 152 158 162 155 155 156 157 158 159 160
181 178 174 170 167 166 166 167 152 168 159 163 168 164 145 155 150 150 149 148 148 147 146 146 152 153 150 143 136 137 147 156 166 195 221 223 215 212 201 182 134 105 76 77 133 150 168 179 187 175 188 190 193 181 128 102 108 124 135 155 177 173 168 184 194 185 185 194 191 177 172 179 189 188 185 182 178 174 172 170 164 164 163 161 156 147 136 129 127 144 150 161 181 180 168 173 182 181 174 166 171 183 186 180 168 163 159 160 163 162 158 155 166 164 155 159 153 160 156 158 169 163 157 157 159 157 149 141 142 153 159 159 178 213 231 223 225 220 217 210 192 179 159 123 94 107 93 142 184 179 206 220 220 222 219 170 144 157 156 164 159 165 170 165 156 151 156 162 160 156 150 146 146 151 157 162 162 162 161 160 158 157 157
193 189 182 174 168 163 161 161 161 158 151 150 182 171 150 137 143 143 142 142 141 140 139 139 144 145 147 151 156 165 175 182 196 211 231 232 216 210 200 178 137 112 74 78 141 151 165 172 185 181 185 179 172 164 146 141 174 172 168 172 177 178 187 207 195 194 198 203 204 201 199 200 211 209 205 201 196 192 188 186 190 186 181 178 173 165 154 146 139 147 149 152 160 166 172 182 187 188 181 173 174 181 178 169 164 163 160 158 161 165 162 155 162 170 162 169 150 161 158 170 178 174 168 165 164 163 159 156 145 155 156 144 154 202 231 220 224 223 216 210 191 178 167 133 89 106 107 162 195 188 215 221 230 222 198 154 136 149 153 153 150 160 167 161 148 142 149 159 155 152 149 148 149 153 158 161 166 165 163 161 159 157 156
186 183 177 171 167 165 164 164 161 155 151 147 171 162 151 140 146 145 145 144 143 143 142 142 151 146 145 153 166 175 175 171 171 183 211 223 212 207 200 177 147 123 75 75 140 148 164 174 181 184 176 172 166 162 172 174 179 181 198 212 204 193 192 193 193 208 215 211 216 231 233 222 212 212 214 216 219 221 222 223 212 203 194 189 189 187 181 175 156 156 158 150 137 145 168 183 183 186 184 178 180 184 177 165 171 163 160 166 170 167 164 165 164 171 172 170 159 159 166 176 157 156 154 149 146 147 153 158 167 167 166 152 152 193 225 217 224 225 215 210 190 177 172 140 81 100 139 171 191 210 218 216 230 205 167 152 149 148 153 149 149 154 157 153 146 142 145 149 147 147 148 150 153 156 159 161 163 162 162 162 161 161 161
168 167 166 166 167 170 174 176 154 158 159 152 150 145 150 156 155 154 154 153 152 151 151 151 156 160 162 159 153 148 148 150 124 139 179 206 204 206 202 179 151 133 81 74 133 138 164 183 177 181 165 173 177 174 188 180 182 180 204 223 213 208 215 214 220 215 218 227 228 220 219 224 219 220 221 222 223 224 225 226 208 206 206 210 213 208 195 184 176 158 154 149 137 147 164 162 172 178 181 180 185 190 183 170 181 163 160 176 180 168 165 175 181 166 164 156 177 173 176 165 147 150 150 146 142 146 159 170 163 156 159 155 153 187 221 220 223 226 214 210 190 176 175 143 76 95 167 172 182 229 217 212 221 183 140 156 167 151 157 154 155 153 150 149 150 149 146 144 142 144 148 152 156 159 160 161 158 158 160 161 163 165 166
162 167 174 179 181 178 173 170 166 162 157 158 160 160 156 152 147 149 160 173 167 151 149 158 167 154 139 132 137 147 155 157 132 125 141 194 201 199 204 178 162 134 79 74 125 148 151 176 169 174 182 190 194 195 194 192 205 217 227 226 226 230 226 218 219 228 227 222 220 231 230 224 217 217 218 219 221 222 223 223 230 226 222 220 219 212 201 192 196 190 181 175 171 165 156 149 147 172 181 179 180 169 166 183 180 171 167 172 174 173 180 191 177 162 148 149 159 165 159 150 150 155 159 159 156 155 157 160 150 161 163 167 163 182 223 224 229 220 217 210 198 195 180 150 62 122 166 180 204 218 216 226 220 171 154 153 157 153 141 162 158 158 158 158 158 158 158 158 148 148 148 149 149 149 149 149 159 155 152 156 163 166 164
170 174 179 181 178 170 161 155 163 159 155 155 157 157 153 149 152 157 165 170 164 152 149 152 153 146 136 134 144 150 140 123 127 124 133 177 195 193 195 177 142 135 92 77 123 155 160 174 177 184 196 207 213 213 210 207 215 226 224 221 220 222 225 215 212 217 218 233 226 229 220 221 229 229 228 226 225 223 222 222 223 222 223 223 222 218 212 207 209 202 193 186 181 174 164 157 157 169 175 177 177 169 163 165 148 158 164 164 170 179 181 175 157 152 146 146 151 157 160 160 160 153 148 151 159 163 159 154 155 168 167 159 142 161 214 228 229 220 218 211 199 195 179 148 57 131 181 200 212 215 222 230 210 173 159 154 157 156 144 157 152 152 152 152 152 152 152 152 159 158 156 154 151 149 147 145 150 155 161 161 158 159 164
165 170 179 185 186 180 173 167 167 163 158 159 161 161 157 153 158 166 169 163 156 151 146 141 147 155 158 156 158 158 140 116 122 124 124 152 187 186 184 177 130 119 82 80 134 168 163 161 194 201 212 221 226 224 219 215 221 232 219 218 219 219 231 217 229 223 217 230 219 210 200 208 215 216 219 221 224 227 229 230 225 225 223 220 218 219 222 226 226 219 212 207 204 199 192 185 166 162 166 171 170 170 166 156 163 166 161 151 148 155 157 153 145 154 165 170 168 163 160 159 157 156 153 151 150 153 159 163 162 173 171 164 150 170 222 235 229 220 219 212 199 194 177 146 62 138 180 210 220 215 226 218 179 162 156 149 153 158 150 152 151 151 151 151 151 151 151 151 162 161 159 157 155 153 151 150 148 154 160 161 160 161 167
168 173 179 183 182 176 167 161 176 172 168 168 170 170 166 162 160 169 167 152 145 146 141 130 126 149 161 150 140 138 132 121 122 126 120 131 184 185 177 179 150 133 113 132 179 195 189 195 213 216 221 224 225 223 220 217 221 234 219 223 227 225 236 218 222 207 199 188 188 176 184 190 179 181 185 190 195 200 204 206 211 217 223 224 222 221 222 225 228 223 218 217 218 217 212 208 176 162 165 167 159 165 172 162 168 156 148 148 145 141 146 156 162 157 150 141 136 140 149 157 155 157 155 149 144 147 158 168 156 162 162 169 171 194 232 230 228 221 220 214 200 194 175 142 81 142 166 203 221 217 228 197 146 149 151 144 148 159 156 149 156 156 156 156 156 156 156 156 151 152 153 154 156 158 159 160 156 152 151 157 166 171 170
163 166 171 175 175 173 168 165 178 174 170 170 172 172 168 164 160 164 157 142 137 141 138 126 132 145 148 136 128 132 138 139 125 128 122 119 184 187 178 180 147 156 166 182 196 198 208 230 223 223 222 222 223 225 227 228 224 234 224 227 230 225 224 201 173 165 172 143 164 156 178 171 156 157 158 159 160 161 162 162 178 190 206 220 227 226 222 218 226 221 217 216 218 217 213 208 198 184 181 173 154 157 169 165 152 147 149 156 156 149 147 152 175 166 154 148 149 154 160 163 163 154 144 143 149 157 159 158 147 152 151 160 165 189 226 222 228 221 221 215 201 193 172 138 107 154 170 203 217 216 228 191 141 157 160 152 150 157 158 146 155 155 155 155 155 155 155 155 146 147 149 151 154 156 158 159 158 155 153 158 166 171 170
176 177 178 181 184 186 188 189 173 168 164 164 167 167 162 158 161 157 147 138 137 141 140 134 156 143 131 130 137 143 146 147 127 125 125 113 183 190 180 177 145 170 189 193 196 206 217 223 222 222 223 224 226 229 232 233 220 221 219 214 214 213 195 175 154 158 173 150 169 160 171 153 154 155 156 158 159 161 162 163 163 164 170 185 204 219 226 227 232 227 222 221 222 221 216 212 221 212 203 188 167 159 161 159 146 152 152 146 149 158 161 156 137 139 145 153 158 156 148 140 156 152 148 147 149 153 156 158 158 163 158 155 150 174 223 231 228 221 222 217 202 192 169 134 129 170 194 216 215 215 226 194 154 174 174 166 155 152 157 147 149 149 149 149 149 149 149 149 152 152 152 152 152 152 152 151 156 161 166 165 161 161 165
211 206 197 188 183 182 183 185 171 167 163 163 165 165 161 157 165 152 141 141 144 146 147 150 153 128 115 127 137 131 125 127 125 118 127 109 180 190 181 169 174 188 203 210 216 227 230 222 219 222 225 227 225 219 211 206 197 186 194 180 185 198 172 163 165 171 172 175 169 167 158 152 157 159 161 164 168 171 173 175 160 150 145 157 183 204 212 211 216 213 211 215 222 225 224 221 225 223 213 204 199 183 164 156 142 146 143 137 143 161 172 173 152 153 153 150 148 151 159 166 146 152 156 154 148 146 153 160 159 164 157 156 153 178 226 232 227 222 223 218 202 191 167 131 144 173 207 223 217 220 215 180 150 171 170 167 155 146 158 154 148 148 148 148 148 148 148 148 155 155 155 155 155 156 156 156 161 166 169 167 161 158 162
207 199 187 175 170 171 175 179 176 171 167 167 170 170 166 161 169 150 139 145 152 151 154 163 154 132 130 149 151 128 118 127 123 111 126 107 176 189 180 162 180 184 204 221 217 211 217 225 218 223 228 228 218 200 181 169 170 151 166 149 162 190 164 166 160 162 145 174 151 165 149 166 160 160 159 157 156 155 154 153 147 141 145 165 190 198 183 165 178 178 182 193 207 217 222 222 215 219 211 214 227 210 174 159 157 150 150 155 154 146 145 150 149 157 160 151 137 134 146 159 151 148 147 151 155 157 153 149 140 142 138 150 161 189 223 215 227 222 224 218 203 191 166 130 152 165 202 220 221 229 203 155 131 152 153 159 150 140 160 164 153 153 153 153 153 153 153 153 149 151 154 157 161 165 167 169 173 167 162 163 166 166 161
203 191 175 166 165 170 174 175 176 178 177 170 161 154 153 155 155 140 146 144 153 161 138 133 137 138 139 138 135 129 123 119 119 124 123 118 166 183 192 188 189 194 205 218 226 229 227 226 223 217 204 190 181 172 167 167 155 153 164 153 158 174 164 165 159 159 157 156 154 152 151 150 155 148 166 163 156 151 139 155 168 163 142 158 203 167 166 183 175 176 168 160 171 201 224 232 221 221 222 223 221 211 195 182 158 168 139 132 146 152 163 156 167 147 141 153 152 135 132 145 130 133 142 149 145 137 143 157 159 142 146 151 139 204 222 213 218 218 214 210 190 179 177 120 151 176 205 222 230 227 208 188 157 154 156 161 157 148 147 154 167 166 159 152 157 167 164 154 156 170 173 162 157 166 175 174 172 172 170 169 167 166 165
197 187 174 167 167 170 171 171 164 166 166 160 151 146 145 148 151 143 150 145 146 151 138 140 128 130 132 134 134 131 128 126 116 118 120 140 165 184 190 200 200 198 208 224 227 217 218 229 202 188 177 171 164 160 152 140 162 152 154 148 163 182 166 156 157 157 157 157 158 158 159 159 156 152 161 163 157 150 147 160 149 163 160 183 188 164 162 175 177 169 162 162 169 183 201 214 223 222 222 224 224 218 207 198 185 188 158 146 143 129 137 144 141 157 171 171 164 161 163 164 144 151 146 133 143 165 166 148 145 145 147 156 129 206 222 222 220 220 215 211 190 178 171 124 154 179 207 221 227 227 215 200 162 154 151 156 156 150 149 154 163 150 143 148 151 146 144 147 159 163 162 155 152 156 160 160 159 160 161 164 166 169 171
191 183 175 171 172 172 170 167 156 158 159 155 148 143 144 147 148 145 151 143 139 142 139 146 135 135 134 132 127 122 117 114 118 112 117 161 172 195 196 206 205 219 223 215 217 225 219 203 184 163 162 168 162 166 162 139 167 150 143 143 167 188 169 148 154 155 156 158 160 162 164 165 158 157 154 162 159 150 159 166 169 168 157 176 154 166 173 171 176 163 157 163 166 165 174 190 213 212 214 219 224 223 217 211 193 191 167 157 146 124 132 153 142 155 162 163 172 184 179 163 185 152 133 144 151 141 137 144 130 147 148 158 125 211 224 230 223 223 217 212 190 176 158 132 158 184 209 220 224 227 223 216 199 181 166 165 164 155 149 149 174 162 156 161 162 157 156 161 173 166 161 164 166 165 165 168 156 156 156 156 156 156 156
187 183 179 178 179 178 172 167 158 161 162 159 153 149 151 154 151 146 143 138 137 140 141 144 139 137 134 128 122 116 111 108 113 117 142 178 177 196 210 216 214 227 228 216 216 222 205 176 166 148 162 175 163 171 177 154 164 151 141 143 166 183 169 147 153 154 155 156 157 158 159 159 160 161 147 160 161 150 167 170 163 159 171 182 153 169 175 147 167 161 159 163 163 161 164 171 189 192 200 212 221 224 218 212 197 195 174 161 155 140 141 157 127 148 163 157 142 142 161 179 164 161 151 142 145 156 156 147 128 146 153 155 141 217 231 231 225 225 219 212 188 172 140 141 162 187 211 219 221 226 227 223 199 177 160 162 168 166 162 161 164 168 165 158 160 170 172 167 168 152 146 156 164 160 159 164 165 165 164 163 162 162 161
187 184 181 183 185 183 176 170 159 162 164 160 154 151 152 155 154 145 132 133 140 143 142 135 127 126 125 123 122 121 121 121 112 135 180 187 185 192 224 227 224 217 223 234 219 185 169 176 153 144 164 172 150 152 165 151 154 154 147 148 160 171 168 152 154 154 153 152 151 150 149 148 161 160 145 159 161 152 167 168 155 157 190 177 150 153 173 150 158 164 165 161 162 167 168 163 169 176 191 209 223 227 221 213 219 218 195 169 165 157 139 135 138 135 133 137 149 160 161 156 164 166 163 159 165 174 171 160 139 147 164 156 173 225 236 225 225 226 218 210 184 165 119 148 166 189 211 219 221 223 220 212 179 158 144 148 158 159 156 157 158 166 167 162 165 177 183 181 175 158 150 158 163 158 155 159 146 148 151 155 159 163 166
186 182 179 180 183 182 177 172 155 158 159 155 147 143 144 146 151 143 127 133 143 143 142 128 130 128 125 122 121 121 123 124 143 156 186 185 206 214 233 219 217 222 232 226 192 156 153 173 160 158 172 170 143 138 149 145 145 156 151 152 155 159 167 157 154 153 152 150 147 146 144 143 161 155 146 157 161 154 159 160 166 159 179 152 151 155 169 158 157 167 169 161 162 171 171 161 162 170 185 205 222 230 227 222 228 228 213 184 181 175 144 131 113 139 157 155 153 162 168 164 177 152 146 166 178 166 155 157 153 154 179 173 205 230 234 223 223 224 215 206 179 157 97 153 168 188 208 219 223 220 204 185 171 155 145 149 154 152 150 152 161 158 161 169 170 168 176 190 187 177 170 169 167 162 159 160 149 150 153 156 159 162 164
181 176 172 172 175 177 174 170 155 157 157 151 142 137 136 139 141 143 131 139 143 137 139 126 136 133 128 124 121 121 123 124 175 178 182 193 221 231 227 221 219 232 226 191 158 151 156 158 168 168 170 164 149 145 151 152 142 157 150 152 154 156 167 156 151 151 151 150 150 150 149 149 162 148 150 156 160 157 147 151 156 157 163 156 176 178 150 144 167 168 167 164 163 164 164 162 161 164 173 189 208 222 228 229 219 221 222 204 200 187 153 152 139 135 135 147 166 175 162 143 141 150 146 136 147 169 168 150 163 168 195 203 223 232 224 228 221 222 212 202 173 150 79 156 169 186 206 220 227 217 186 154 153 146 146 155 159 157 159 165 149 147 149 154 151 146 154 167 165 169 167 160 156 159 162 162 176 176 177 177 178 179 179
177 171 165 164 168 171 170 168 158 160 159 153 143 136 135 137 132 143 137 145 142 130 137 128 125 123 122 122 125 130 135 139 177 196 196 216 216 218 214 244 244 226 197 169 152 149 151 154 161 160 154 150 152 153 155 160 143 156 146 150 155 157 168 153 149 149 151 152 154 156 157 157 162 144 153 155 159 159 138 144 154 168 155 151 163 174 140 168 177 167 163 167 164 154 154 161 160 157 159 170 190 210 224 231 218 220 231 222 211 184 151 165 157 131 122 141 151 140 135 142 157 153 152 151 143 137 148 166 166 180 205 227 228 233 215 234 219 220 210 200 170 145 69 157 169 184 204 220 229 216 174 133 151 147 149 154 151 142 141 148 155 165 166 155 148 153 159 160 152 167 173 165 164 176 187 188 156 158 161 166 171 175 179
175 175 173 167 161 160 165 171 166 161 156 156 157 153 143 134 156 153 148 142 137 132 129 128 125 118 118 124 124 126 145 169 164 197 225 229 226 228 225 218 223 214 169 142 163 173 159 156 145 159 166 159 151 152 152 148 155 153 151 150 152 156 161 164 148 161 164 150 162 150 163 139 159 151 150 159 160 152 149 154 138 157 151 150 173 150 156 153 156 158 168 177 170 158 166 184 170 155 157 165 169 193 217 217 222 225 230 233 227 209 185 167 160 142 125 123 136 148 150 146 150 147 144 141 141 143 147 149 144 135 195 219 236 229 227 227 225 213 205 191 175 120 101 160 176 200 222 216 219 207 161 143 127 137 147 150 147 144 147 152 151 161 150 142 151 147 141 154 144 149 156 164 170 172 172 172 155 155 155 156 156 157 157
180 182 181 177 171 168 171 175 168 164 157 149 143 142 145 148 144 143 140 136 133 130 129 128 120 120 122 122 122 131 155 178 193 212 225 222 219 224 225 221 228 188 167 160 149 161 173 159 151 163 167 158 151 150 149 144 155 153 151 151 152 156 160 162 149 160 160 148 157 147 161 141 156 157 155 152 150 150 147 143 150 164 158 153 174 153 161 159 172 163 160 163 159 153 160 173 168 161 169 177 163 158 184 215 220 222 226 229 225 211 191 176 166 149 129 124 132 143 146 144 151 147 142 138 138 142 147 151 142 140 183 231 229 226 228 225 221 202 206 179 164 104 104 160 176 200 223 219 222 210 166 151 164 165 165 161 156 154 155 157 150 151 137 138 160 164 155 159 147 149 152 155 157 158 159 158 158 158 158 158 159 159 160
176 180 183 180 174 170 170 172 154 160 163 157 146 139 140 145 134 133 133 131 130 128 126 126 117 123 124 119 123 145 172 190 215 222 222 217 217 225 229 227 227 185 170 165 143 139 151 148 142 153 159 154 153 158 160 156 154 153 152 152 153 155 158 160 151 158 152 144 150 143 157 143 153 161 159 146 142 147 146 136 166 171 165 155 171 156 165 165 176 165 157 159 158 152 150 154 152 160 169 173 162 148 169 211 222 222 223 225 224 216 201 190 177 160 138 126 127 134 138 139 148 144 140 137 137 142 147 151 142 143 178 241 222 223 228 224 215 191 205 166 143 86 109 162 179 201 224 221 223 209 167 157 157 152 147 146 150 156 159 161 151 149 138 141 162 168 163 164 157 156 154 152 151 152 153 153 162 162 162 163 163 164 164
163 168 174 173 166 160 158 158 149 154 159 157 150 142 139 138 134 134 134 133 131 127 124 121 119 123 119 116 133 167 192 198 216 218 220 222 227 230 228 223 202 203 179 164 166 148 137 156 144 152 156 152 153 161 163 158 154 154 153 153 153 154 155 156 153 157 145 143 145 140 153 146 153 159 158 148 144 147 149 147 175 170 167 153 164 154 166 166 162 163 166 169 165 155 147 143 151 166 163 158 165 165 169 189 230 228 226 226 226 220 210 202 189 173 150 132 124 126 132 136 138 138 140 141 143 143 144 144 148 141 191 239 220 223 223 222 209 188 198 162 119 80 110 169 182 201 224 221 218 199 159 154 173 164 153 150 151 151 146 140 153 155 153 152 156 158 161 167 169 166 162 158 158 160 163 165 166 166 166 167 167 168 168
155 161 166 165 159 153 150 151 160 153 144 140 142 144 143 142 142 142 142 140 135 128 121 117 125 122 114 118 148 188 206 203 211 215 224 234 234 222 207 197 168 191 186 174 183 177 165 173 164 167 163 153 150 153 150 142 154 154 154 155 154 153 152 152 154 156 141 147 143 139 149 148 154 152 154 156 152 148 155 168 176 163 165 149 155 151 164 163 151 163 173 170 160 154 155 157 171 177 165 158 168 166 162 172 235 231 229 229 229 225 216 209 197 185 165 142 126 122 127 133 126 132 140 147 149 146 140 136 155 147 216 229 224 224 218 219 201 191 186 162 98 84 108 177 185 201 221 218 211 186 147 148 138 136 138 147 159 165 162 156 155 153 154 155 154 158 164 165 169 167 165 163 165 169 174 177 168 169 169 169 170 170 170
158 162 165 163 157 152 152 154 155 147 140 140 145 147 141 135 146 147 147 145 139 131 122 117 127 120 116 130 164 198 212 211 216 220 230 237 225 198 175 166 153 156 176 178 163 172 177 152 166 167 160 150 150 156 153 144 153 154 156 156 155 153 150 148 154 156 140 155 147 142 146 149 154 150 153 158 153 147 159 179 171 152 164 148 150 151 163 161 156 167 168 154 144 150 165 175 171 165 162 168 168 157 166 193 225 223 223 226 229 227 220 213 202 196 180 156 134 123 126 133 121 128 138 146 149 145 139 135 157 172 233 224 228 225 218 212 191 192 174 154 88 88 102 177 184 197 218 216 207 179 143 151 147 147 149 153 155 152 145 139 157 142 141 149 156 168 172 161 160 160 161 163 167 171 175 177 169 169 169 170 170 170 171
162 164 164 159 153 151 154 158 141 142 145 148 148 144 137 132 141 143 145 145 141 134 125 120 123 120 127 148 173 194 211 223 223 222 225 223 201 170 156 158 155 144 157 163 151 156 161 142 157 157 151 146 152 164 164 156 153 155 157 157 156 152 148 145 153 156 140 164 152 146 145 149 151 155 157 153 145 145 158 173 167 145 164 151 151 156 165 162 160 166 159 142 136 150 165 170 158 150 157 168 159 156 181 210 202 204 210 219 227 228 222 216 203 203 193 169 142 126 127 133 125 128 133 138 141 142 142 141 153 213 232 229 229 222 224 202 180 186 164 135 89 85 95 170 179 191 215 217 209 181 150 164 150 154 159 162 162 163 166 169 159 141 141 150 152 164 169 154 156 158 162 166 169 171 172 172 168 168 168 169 169 170 170
161 161 159 153 147 146 151 157 143 146 147 141 134 133 139 146 133 136 141 143 141 135 128 123 117 120 137 162 176 187 209 233 223 218 215 207 182 155 153 167 155 156 144 150 172 166 156 176 163 161 153 146 152 162 161 152 153 155 157 158 156 152 147 144 153 156 142 170 156 149 144 149 148 161 161 145 135 143 155 161 165 142 166 154 154 160 169 163 158 161 153 140 141 154 158 150 162 155 162 159 145 158 186 195 182 187 197 212 224 228 224 218 203 206 200 177 148 129 128 134 132 130 129 129 132 138 145 149 148 245 224 237 229 220 230 195 172 179 160 119 93 79 91 162 174 187 213 219 214 187 159 177 157 160 159 152 143 141 148 156 161 149 155 156 142 147 157 148 159 163 168 172 174 174 171 169 167 167 168 168 168 169 169
152 152 152 152 152 151 151 151 145 144 143 141 139 137 135 134 131 142 126 124 129 134 145 126 117 118 150 179 178 185 209 223 223 233 220 182 154 153 163 172 143 147 167 160 171 155 162 157 150 150 151 152 153 155 155 156 155 149 145 149 156 159 155 150 149 157 151 158 141 148 142 149 153 151 136 145 149 152 170 161 133 147 155 153 158 169 169 159 164 143 146 169 168 146 148 173 168 156 175 173 172 193 184 169 159 174 178 163 201 240 218 214 208 199 203 182 162 151 126 127 132 138 141 136 127 124 133 144 214 226 231 226 225 223 206 183 177 173 148 122 105 81 84 154 163 180 207 212 217 197 155 159 159 166 163 153 153 165 169 163 159 166 152 150 141 130 143 141 144 166 159 159 157 159 175 162 154 154 155 158 164 172 180
153 153 152 152 151 151 150 150 146 146 144 142 140 138 137 136 130 148 141 133 122 118 130 122 132 144 172 196 201 209 225 237 224 231 211 175 158 156 160 169 153 155 169 159 164 149 155 151 154 154 154 153 152 152 151 151 159 155 151 149 149 147 143 139 151 153 156 151 148 142 146 148 151 157 137 142 156 156 164 166 146 155 157 152 156 168 172 166 170 169 164 160 164 169 164 153 157 146 164 170 165 162 152 158 169 173 168 169 186 216 230 216 219 208 208 190 174 162 135 130 148 131 128 140 138 133 157 194 222 228 227 222 223 223 206 184 177 156 138 128 109 101 75 154 167 178 206 216 221 208 171 165 161 160 154 145 144 150 154 154 160 160 144 147 148 145 156 149 160 161 153 158 168 173 174 162 160 171 163 140 143 171 183
154 153 153 152 151 150 149 149 149 148 146 145 142 141 139 138 135 143 133 129 126 123 123 110 131 158 182 196 209 218 224 231 223 225 196 166 163 161 156 164 155 156 164 155 157 147 153 153 157 156 155 153 151 150 148 148 150 153 154 153 150 149 151 153 152 150 161 146 153 138 149 147 152 160 141 143 161 161 163 169 160 163 160 153 155 165 171 170 156 166 159 147 161 187 180 152 157 160 171 171 166 153 143 160 178 170 159 174 171 187 233 220 222 208 202 188 177 164 135 123 126 120 129 145 142 138 168 213 230 228 222 219 223 221 203 181 168 148 141 130 111 126 78 141 174 176 203 218 223 219 191 170 161 154 148 147 146 145 149 156 171 170 156 151 146 141 150 149 162 157 165 167 168 169 167 177 179 180 176 169 168 173 176
155 154 153 152 150 148 147 146 150 149 148 146 144 142 140 140 131 129 124 126 130 130 125 114 128 165 183 190 210 219 216 219 222 215 180 157 165 163 153 159 146 149 154 151 152 150 158 162 153 153 152 152 152 151 151 151 165 170 171 165 154 148 149 154 151 152 158 149 150 140 147 148 157 152 147 152 158 164 169 166 162 163 160 157 157 161 164 164 157 157 151 146 154 164 158 143 160 177 173 158 163 164 157 165 176 166 160 172 167 173 210 221 224 211 200 191 184 169 141 121 103 127 146 142 135 151 185 213 230 225 220 222 225 218 195 173 154 160 160 132 117 132 97 118 178 176 198 215 218 221 202 168 161 153 153 163 163 154 154 163 150 160 161 154 141 138 154 168 162 151 169 169 166 165 160 183 172 168 168 170 169 163 161
156 155 154 151 149 147 145 144 150 149 147 145 143 141 140 139 125 127 133 131 124 120 121 129 145 178 193 199 219 227 221 221 220 201 167 153 163 162 152 154 143 148 149 151 147 150 154 161 144 145 147 150 153 155 157 158 166 170 172 165 155 148 150 154 150 156 152 156 143 146 143 149 162 139 152 161 150 164 177 160 157 157 159 162 162 158 155 155 152 149 148 151 150 147 147 149 156 166 148 137 152 161 162 165 167 162 166 164 171 172 176 216 231 222 209 206 200 183 158 135 114 135 144 136 146 184 216 226 225 220 219 225 225 209 183 163 153 176 179 146 137 117 116 108 174 176 192 207 210 217 205 167 163 159 164 176 174 158 150 153 142 149 157 151 142 142 151 164 167 146 155 160 169 173 159 171 178 190 184 164 164 184 190
158 156 154 151 148 145 143 142 147 147 145 143 141 139 138 137 141 129 132 128 124 122 118 130 163 182 196 207 221 227 224 222 218 186 159 154 155 156 154 150 146 153 151 156 143 146 142 148 140 142 145 149 153 157 160 162 152 154 156 155 152 150 152 155 149 157 150 159 140 149 142 150 159 134 153 160 149 165 173 157 154 152 157 165 165 156 152 154 145 150 154 154 153 156 160 162 158 149 130 140 155 155 164 171 161 159 167 158 171 172 158 202 222 222 211 211 205 184 166 144 116 114 122 150 187 215 224 223 221 216 218 222 215 193 172 162 170 179 186 168 163 109 126 116 159 176 186 197 206 213 208 176 164 164 168 173 167 153 141 137 153 145 149 148 153 158 145 142 159 152 157 160 164 167 163 169 162 170 169 161 162 173 175
159 157 155 151 148 144 142 140 144 144 142 140 138 136 135 134 152 126 122 121 127 133 125 138 178 177 192 210 216 219 223 221 215 172 156 157 147 150 158 148 141 151 149 159 143 148 138 143 143 144 146 149 152 155 157 159 161 157 153 151 151 149 145 141 150 154 154 154 145 144 144 149 149 142 150 148 157 167 156 160 161 154 155 164 165 158 157 165 164 162 159 158 159 159 156 152 155 150 143 161 162 157 173 172 163 159 159 158 162 163 167 183 209 217 210 214 204 181 171 151 113 105 126 180 221 225 217 217 223 216 214 212 197 174 165 169 185 178 188 180 175 134 135 128 140 175 181 190 206 216 217 196 157 161 162 158 156 156 152 146 142 131 142 150 168 178 156 147 150 165 167 166 161 161 173 173 168 167 173 183 183 174 169
159 158 155 151 147 144 141 140 142 142 140 138 136 134 133 132 138 119 126 123 123 130 135 164 193 179 194 218 218 220 228 226 214 164 155 161 141 145 161 147 129 142 144 161 145 153 142 148 147 148 149 150 151 152 153 154 157 152 148 151 158 162 158 152 152 151 160 147 152 139 148 147 140 152 147 136 166 169 140 166 169 157 155 163 164 159 164 177 166 150 143 156 168 165 159 158 139 154 161 169 157 158 178 159 168 160 150 161 151 153 183 169 210 224 219 225 213 188 182 166 131 130 156 202 227 223 223 235 227 218 211 203 182 161 162 177 190 178 191 180 173 167 143 132 126 174 178 187 210 220 226 213 148 156 155 147 151 167 174 170 144 139 157 162 171 176 151 145 158 172 160 163 169 174 184 164 166 177 175 160 159 172 173
143 153 155 139 132 142 148 148 160 155 141 140 147 133 123 139 119 120 126 131 126 121 134 155 169 189 209 227 220 217 232 218 208 164 133 143 170 176 164 153 146 154 148 144 152 148 142 150 145 145 145 145 145 145 145 145 156 155 154 153 152 151 151 151 148 160 143 166 161 135 162 162 151 161 150 137 177 161 150 163 166 158 151 153 160 161 152 142 157 159 160 161 159 155 151 148 165 161 156 153 154 159 166 171 183 169 152 148 156 168 174 176 191 214 216 216 210 202 192 158 150 167 190 209 218 221 223 224 224 205 204 170 157 147 180 185 206 184 183 194 207 179 128 132 117 160 175 175 202 227 227 221 185 143 143 173 171 149 145 150 168 163 165 146 165 164 174 160 159 157 176 176 178 181 165 168 192 182 170 165 167 168 163
155 162 164 156 147 144 144 143 144 142 136 137 142 139 138 146 128 127 134 137 125 116 136 169 172 192 210 227 220 218 230 213 180 155 141 152 167 167 158 154 147 154 148 145 152 149 143 150 147 147 147 147 147 147 147 147 150 152 156 158 157 154 149 146 158 153 135 157 166 151 158 147 162 162 147 156 174 164 149 168 151 164 175 170 154 144 146 153 167 166 165 164 165 166 168 170 161 157 152 147 145 146 149 151 131 147 166 176 173 166 161 160 187 216 216 214 213 203 190 162 152 180 200 203 209 223 223 210 211 198 188 171 145 151 172 183 195 187 194 197 207 200 165 157 122 151 171 180 202 224 226 221 211 172 161 157 137 143 161 153 152 148 157 158 162 153 164 175 171 166 176 171 171 176 166 171 166 162 159 159 161 163 163
135 140 144 152 149 140 141 142 142 140 140 136 130 136 141 136 137 134 138 137 124 118 146 184 177 196 212 227 221 221 228 203 140 137 140 149 151 144 140 142 148 155 149 145 153 149 144 151 148 148 148 148 148 148 148 148 145 150 156 161 161 156 149 144 154 147 146 157 162 156 149 146 169 159 146 173 166 164 151 170 168 166 162 156 150 151 158 165 174 163 148 138 140 154 172 184 155 155 155 156 158 161 163 164 158 165 168 159 147 145 159 173 181 220 215 210 218 205 188 169 160 186 203 202 205 216 215 202 197 190 172 171 135 153 163 175 189 196 210 202 200 209 188 161 131 141 163 186 201 217 225 221 227 192 172 149 124 144 170 159 144 147 153 169 164 165 167 182 167 163 168 162 159 160 151 153 151 156 160 162 161 160 162
156 153 148 161 157 139 142 144 137 137 143 135 121 134 145 131 150 147 140 129 121 126 151 174 184 203 215 226 222 223 224 190 149 153 159 161 156 149 148 150 148 156 150 146 154 150 144 152 145 145 145 145 145 145 145 145 148 150 154 156 157 155 152 150 154 144 155 156 161 164 148 149 163 151 151 169 157 161 162 164 176 161 147 147 159 169 168 163 144 146 148 150 151 151 151 150 143 145 149 154 158 160 161 162 163 163 161 155 153 159 172 184 175 222 216 209 221 207 188 177 168 179 194 204 206 205 204 205 191 184 167 167 133 149 155 163 170 182 206 206 198 206 194 160 144 134 156 187 198 209 223 222 219 197 169 151 149 156 161 161 142 153 148 163 160 183 170 164 151 152 158 160 161 161 156 155 157 166 174 175 168 163 164
163 158 142 155 153 137 147 148 122 127 138 133 122 138 154 144 133 133 124 116 128 156 175 179 192 210 218 225 224 227 221 176 159 159 155 148 144 142 141 139 149 157 151 147 155 151 145 153 143 143 143 143 143 143 143 143 154 152 149 148 149 153 157 160 165 145 151 150 169 186 159 150 155 150 166 158 153 159 174 155 157 162 168 171 168 162 155 150 151 155 161 164 163 158 150 145 160 161 161 161 160 158 156 154 152 158 164 165 162 162 167 173 170 220 217 210 222 208 192 184 164 174 188 197 199 199 200 201 189 177 168 162 138 144 150 151 144 156 187 212 212 212 205 177 158 138 150 180 191 202 217 221 214 214 172 148 172 170 148 154 147 157 149 162 156 176 161 153 179 177 169 166 162 160 163 162 160 169 177 178 173 168 170
150 150 129 142 145 137 153 147 127 133 141 136 127 133 145 147 126 123 117 121 144 172 183 179 199 216 220 225 225 230 217 163 182 180 169 155 151 156 156 151 150 157 152 148 156 152 146 153 144 144 144 144 144 144 144 144 156 152 147 144 146 152 160 165 164 156 163 157 169 190 177 173 166 168 186 162 158 162 180 153 163 170 176 172 160 148 143 143 175 169 160 153 151 154 160 164 172 171 169 167 166 166 166 166 153 161 166 159 146 144 155 168 168 215 218 215 219 208 198 188 155 177 189 183 184 196 198 187 178 167 159 157 137 143 147 144 149 157 178 215 226 215 206 187 171 150 147 166 182 195 211 220 221 238 192 150 172 175 150 150 166 167 168 178 167 162 160 173 190 184 164 156 152 153 168 171 154 159 165 169 170 171 174
163 172 148 154 155 146 158 136 139 145 145 141 134 125 130 147 149 135 132 147 160 161 161 165 205 221 222 224 226 232 215 153 163 168 161 145 138 145 148 143 151 158 152 149 156 153 147 154 150 150 150 150 150 150 150 150 152 150 147 147 149 154 160 163 159 169 177 167 168 186 195 201 197 202 206 188 171 172 176 162 174 168 159 153 151 151 151 150 159 159 159 159 158 158 157 157 162 159 155 152 151 154 158 161 139 148 157 160 157 157 162 168 168 209 220 220 215 207 206 189 158 178 187 177 175 185 185 174 157 152 139 155 128 149 143 144 162 170 170 202 226 215 205 191 182 165 147 150 173 191 204 219 224 235 214 182 174 173 165 163 174 168 174 172 172 159 167 177 155 159 147 154 159 161 180 180 162 159 158 161 166 171 173
141 160 140 149 154 149 159 128 133 141 140 141 142 129 132 162 138 120 130 166 178 164 166 189 208 224 224 224 226 233 213 148 149 163 164 148 138 143 149 147 151 159 153 149 157 153 147 155 155 155 155 155 155 155 155 155 146 147 149 152 154 157 158 159 168 175 171 165 175 197 210 207 225 230 219 214 183 181 170 171 154 153 152 153 155 158 159 159 162 160 156 155 156 161 167 171 181 174 165 155 150 149 152 154 172 161 150 150 158 166 167 164 168 205 221 223 213 207 211 190 169 174 180 181 175 170 168 169 139 142 121 155 117 156 140 146 154 166 154 182 220 220 215 204 188 176 147 140 168 189 201 218 219 214 225 222 186 169 178 182 161 155 157 138 157 156 165 152 157 170 167 179 178 164 166 152 180 171 161 160 166 170 168
138 135 161 157 150 160 141 126 142 135 145 150 138 139 141 129 134 124 138 181 198 166 156 189 217 217 213 227 226 227 224 173 153 154 154 155 156 158 161 163 161 161 162 168 152 165 142 149 143 160 166 155 147 149 148 141 149 143 144 151 152 146 147 154 159 151 166 201 219 211 210 221 216 225 223 219 206 169 148 162 157 155 153 153 155 160 166 170 162 165 152 149 163 159 146 149 156 158 162 165 165 162 158 156 159 154 151 152 158 164 165 164 176 196 217 226 223 215 202 191 168 174 172 171 176 170 154 144 162 141 142 149 140 141 155 157 149 151 162 173 220 223 221 215 200 160 145 145 164 175 178 217 209 223 219 216 218 230 218 160 138 174 160 143 167 168 152 167 151 159 161 156 158 165 165 158 178 161 173 154 169 165 165
146 132 137 139 146 166 160 139 126 127 135 142 139 138 137 130 132 155 172 181 180 165 166 189 217 214 216 225 225 227 215 172 172 163 156 158 165 166 157 147 150 148 155 156 149 158 142 148 134 148 154 147 144 150 153 150 145 151 152 146 147 154 155 149 151 150 173 212 230 222 219 229 218 226 228 217 190 156 145 160 167 166 164 161 157 153 149 147 157 163 162 161 165 164 163 168 152 153 154 155 155 154 153 152 151 156 160 158 153 154 163 172 173 195 217 225 223 216 204 192 158 158 155 156 160 154 135 121 138 136 138 140 141 152 162 161 146 147 156 167 215 220 221 217 213 194 169 142 143 163 174 186 214 227 223 220 218 224 210 151 147 163 161 153 161 168 165 165 162 156 159 173 178 169 160 158 159 162 185 176 176 171 166
148 146 143 143 137 147 160 144 150 145 130 119 122 128 137 149 153 185 196 184 172 165 171 192 219 211 221 223 223 225 200 171 172 166 164 171 181 182 172 161 162 154 166 154 157 154 145 147 150 157 157 148 143 147 150 149 138 144 145 139 140 147 148 142 139 147 176 214 229 220 217 224 217 221 228 214 173 144 144 153 151 154 159 163 163 160 156 153 152 155 164 164 154 154 163 166 165 164 162 161 161 162 164 165 157 155 153 154 157 161 164 165 170 194 217 223 222 219 207 193 167 160 155 150 144 138 132 127 134 146 144 134 139 149 148 144 144 144 151 161 210 218 223 222 226 215 181 146 129 141 168 171 207 221 222 223 220 222 208 153 153 151 159 160 156 169 177 165 176 173 173 171 158 146 151 164 172 164 164 162 160 178 172
140 151 149 152 140 141 163 146 129 138 130 127 139 139 136 148 191 196 192 186 177 160 167 199 219 209 224 222 222 220 184 167 157 161 165 166 162 154 146 141 150 141 162 148 164 161 163 165 168 167 162 154 150 151 154 155 147 141 141 149 150 144 144 151 152 164 191 218 224 214 212 219 215 213 224 213 173 152 152 148 153 155 159 161 162 161 159 157 163 157 165 166 149 150 158 152 161 158 155 152 152 155 158 161 161 154 149 151 159 165 165 162 167 195 218 221 221 221 210 192 163 148 141 131 113 108 120 127 123 140 136 131 145 148 142 147 147 145 150 160 210 221 229 229 227 205 169 158 133 120 160 183 190 206 212 222 223 225 216 167 166 158 158 158 154 160 164 155 156 164 162 148 143 153 167 173 160 156 154 166 160 181 158
140 141 131 141 146 161 186 168 134 135 119 113 134 153 172 198 207 200 186 179 168 149 164 208 218 211 224 222 222 211 171 162 165 169 174 174 170 162 154 149 148 137 156 139 154 150 152 154 161 155 152 153 155 158 161 165 163 156 157 164 165 159 160 167 184 198 219 230 224 214 215 224 220 216 223 217 191 179 172 153 162 161 159 158 159 161 164 166 178 164 167 170 162 165 168 154 161 158 155 152 152 155 158 161 152 156 159 157 153 155 163 171 167 199 221 220 218 222 210 188 161 134 129 132 119 114 120 118 131 137 132 136 148 139 132 146 151 150 155 165 214 226 234 234 222 195 161 164 142 108 142 183 181 195 205 219 222 224 220 180 148 147 140 145 162 167 166 173 160 154 145 146 164 178 168 147 155 161 167 171 151 165 148
152 146 136 131 132 160 198 200 155 162 167 174 186 192 194 200 193 199 184 158 142 140 168 212 215 216 221 224 224 199 161 156 154 149 147 154 163 165 155 144 168 156 163 146 147 145 138 142 158 148 144 149 153 149 148 151 155 162 163 157 158 165 166 159 189 208 227 230 217 206 211 221 227 225 223 213 200 194 183 164 170 167 163 160 161 164 169 172 168 158 157 163 167 172 171 161 165 164 162 161 161 162 164 165 155 155 155 155 156 159 164 168 170 204 225 219 216 221 208 183 159 121 122 146 145 139 131 109 144 138 134 140 143 133 130 144 153 153 160 170 219 228 233 231 217 203 171 161 144 106 112 152 181 192 200 216 217 218 220 188 185 175 155 150 159 151 139 146 185 163 149 159 172 169 157 148 175 168 167 160 151 164 157
155 150 153 135 125 160 200 221 222 214 212 209 203 205 210 208 181 188 165 130 123 140 173 207 213 222 216 226 226 188 156 150 166 157 150 152 159 160 151 141 156 150 153 151 148 162 154 165 162 149 145 153 154 144 137 138 143 150 150 145 146 153 153 147 165 193 221 225 212 203 209 218 222 228 213 188 178 175 169 165 181 179 175 171 167 164 163 162 157 160 157 157 164 164 161 164 152 153 154 155 155 154 153 152 161 154 148 151 160 166 165 161 173 209 229 218 214 220 205 176 137 99 108 137 130 125 128 113 128 123 127 134 137 147 159 162 151 153 162 173 220 225 226 222 216 211 182 158 149 107 78 118 174 183 191 210 213 218 228 204 182 155 149 159 162 165 169 166 163 153 149 158 165 166 169 176 163 153 166 161 174 174 158
146 132 145 135 142 187 211 227 225 218 228 231 215 209 206 190 182 173 139 111 121 146 174 201 211 226 213 227 227 181 154 146 136 137 138 138 139 141 144 147 142 140 139 146 138 162 151 166 154 142 142 157 164 155 147 148 148 142 142 149 150 145 145 152 148 185 222 231 221 214 219 227 211 223 200 161 149 146 147 158 162 166 172 177 179 179 177 175 165 179 175 167 169 161 156 170 156 158 162 165 165 162 158 156 153 156 158 156 154 157 163 170 176 213 231 218 212 219 203 172 137 105 119 137 113 111 140 150 129 126 132 131 129 152 170 161 148 151 161 173 219 222 220 214 217 209 184 159 157 106 55 104 163 171 181 204 212 222 240 223 214 166 165 177 156 157 169 147 139 144 149 155 168 178 169 152 154 146 166 146 158 153 161
135 134 142 167 199 220 221 215 223 221 218 216 212 202 187 176 163 160 133 84 120 152 172 200 220 216 215 214 213 171 161 140 145 156 151 137 150 177 171 142 138 139 154 144 146 160 148 149 149 149 158 167 162 149 150 163 142 150 161 166 160 149 145 146 153 203 216 221 225 224 230 211 210 202 167 165 167 161 169 151 165 162 157 157 160 165 168 170 167 179 184 178 174 173 158 138 163 170 163 147 150 170 176 165 147 168 176 162 150 154 162 164 201 224 220 215 214 213 204 169 126 119 121 105 114 139 131 129 141 127 120 134 156 162 145 124 126 142 156 175 198 218 224 216 226 201 184 160 166 114 74 83 147 150 181 198 211 222 213 215 228 198 170 162 162 156 148 146 154 157 163 157 145 156 166 148 146 148 152 154 154 152 148
141 154 176 200 219 228 229 227 219 216 212 209 204 193 179 167 144 120 98 76 145 162 176 210 222 217 223 229 214 155 157 163 153 145 141 147 156 158 154 150 141 142 153 142 141 151 139 137 153 149 154 163 161 149 147 156 151 150 156 160 149 137 150 173 177 203 180 172 210 225 214 205 209 200 182 156 146 152 154 155 160 160 161 163 165 166 165 164 165 175 179 175 177 182 177 165 159 163 162 155 152 157 158 156 155 161 159 150 154 170 181 181 204 226 221 216 215 212 203 170 140 115 103 96 117 147 143 142 129 131 132 133 133 136 140 143 132 146 161 177 199 220 224 217 224 210 188 157 160 128 64 106 145 140 169 187 192 204 207 218 229 217 189 158 145 150 156 155 157 167 176 173 167 169 165 149 155 156 158 158 156 152 148
190 203 217 220 215 213 220 228 213 208 201 195 188 176 160 149 112 91 81 69 161 168 177 212 223 222 230 232 212 152 160 172 155 144 143 153 155 146 145 153 156 158 164 152 149 155 144 139 149 159 159 147 148 159 154 137 158 154 148 142 139 146 165 184 182 166 167 170 190 218 201 163 172 172 189 164 150 159 149 161 155 159 164 168 168 165 161 159 159 166 168 164 165 172 174 171 155 161 170 175 171 167 172 181 164 170 166 151 145 160 183 197 210 228 221 217 215 209 201 170 122 105 101 100 107 114 111 117 156 140 123 120 129 140 143 141 141 151 167 179 200 222 224 219 222 219 194 155 153 139 65 135 157 136 157 171 176 197 210 219 225 226 210 177 151 148 155 159 159 169 172 165 167 166 152 147 163 163 163 162 159 154 150
212 221 227 221 210 207 215 225 206 198 187 177 165 150 133 121 86 89 94 70 159 166 176 203 222 226 229 220 206 163 167 161 148 158 159 149 146 152 153 147 160 165 168 159 156 160 153 146 154 160 154 143 146 158 151 132 154 158 146 131 143 172 180 166 149 171 169 160 201 205 153 156 153 155 175 174 167 161 152 164 157 161 166 167 164 161 160 161 163 168 169 164 159 158 158 157 147 159 169 167 159 159 169 179 166 173 173 159 149 158 184 207 216 228 219 217 213 204 196 169 126 115 115 119 117 108 107 118 114 124 138 148 150 146 142 140 148 154 171 179 199 223 222 220 222 221 197 158 147 135 95 153 171 148 159 160 166 202 217 215 217 218 221 214 188 158 148 153 170 170 161 146 156 158 143 153 164 164 163 162 161 159 157
218 222 225 223 214 203 195 190 191 181 167 153 140 123 106 94 80 90 99 78 154 169 177 198 217 222 227 219 205 160 163 156 155 174 175 156 153 169 170 154 146 156 156 153 154 157 157 147 165 151 144 151 154 148 142 143 144 155 155 147 159 179 174 152 168 152 172 168 164 180 169 155 175 164 153 173 173 152 156 159 163 165 166 161 155 154 160 167 169 174 178 177 167 156 153 155 165 181 181 158 143 150 160 160 176 174 173 176 183 194 210 224 220 228 216 215 210 197 189 166 114 93 79 89 100 101 107 113 119 111 103 101 108 120 130 135 148 150 170 174 194 222 218 220 224 216 196 162 146 123 138 158 167 167 179 159 156 192 209 208 211 214 223 229 214 184 162 154 178 169 161 147 158 162 143 158 157 157 157 158 160 161 163
228 220 210 202 195 185 172 162 164 154 141 128 116 103 89 78 87 82 86 87 146 176 182 201 213 214 227 232 211 149 153 162 138 145 144 136 138 147 146 136 142 155 153 156 158 161 167 156 156 159 154 145 146 155 154 144 142 152 167 176 170 159 155 158 167 176 156 145 178 178 152 170 167 157 139 170 183 161 163 151 165 168 168 160 151 150 159 168 157 161 170 174 164 151 150 158 172 187 182 156 145 159 168 162 158 159 164 170 170 171 185 203 222 225 211 211 205 188 180 162 100 97 87 95 99 96 106 106 111 104 105 124 147 151 132 111 142 141 164 165 186 219 213 219 221 210 191 163 146 123 163 162 159 183 201 172 157 172 181 199 210 217 220 217 215 211 195 175 169 151 157 152 161 163 137 147 150 149 150 151 154 159 163
200 190 176 167 164 163 160 158 132 124 113 105 100 92 83 76 84 87 89 92 116 173 186 199 215 214 227 237 222 158 155 156 159 155 152 154 162 168 164 157 144 159 155 160 163 164 173 160 149 163 162 145 142 157 162 152 155 160 173 181 167 146 146 162 167 160 154 166 173 171 169 155 145 144 144 159 176 177 164 142 160 167 171 165 154 149 155 164 151 152 159 163 153 141 147 163 152 159 157 146 145 155 159 155 175 179 187 188 176 168 186 213 222 222 206 208 200 180 173 157 89 108 108 110 103 95 107 102 88 100 112 115 111 112 121 131 133 130 156 156 178 215 208 218 214 210 186 158 146 142 159 171 174 195 206 190 185 171 156 186 207 213 213 212 217 224 219 207 170 137 151 151 155 162 140 146 148 147 145 145 147 151 155
172 169 164 156 147 138 129 124 109 102 95 92 91 89 84 79 74 104 109 93 82 164 187 191 219 221 226 231 229 182 166 140 153 149 143 145 158 169 163 150 139 155 148 153 155 154 164 149 164 146 148 165 160 139 147 178 171 171 172 168 158 150 151 157 155 171 152 163 178 162 162 164 155 153 158 137 146 175 154 136 154 165 175 171 159 150 152 158 166 162 163 164 152 141 152 173 164 160 159 160 161 158 153 151 162 154 154 162 164 164 178 199 222 219 203 205 197 175 168 154 129 142 130 131 138 148 165 152 166 162 152 137 122 113 113 116 127 123 151 150 173 213 205 217 208 211 182 152 145 161 144 179 201 203 201 204 220 186 145 176 203 201 208 222 228 224 224 230 191 144 155 153 153 169 158 167 149 147 143 141 141 144 147
156 136 127 134 131 113 105 110 80 96 101 93 92 96 90 81 99 97 101 71 107 173 180 211 221 220 215 216 233 205 156 170 137 145 156 163 164 160 156 153 169 152 141 170 157 155 144 157 166 175 171 164 153 148 164 172 169 165 167 143 141 156 150 160 160 173 164 171 189 158 130 154 163 152 162 157 161 170 154 157 133 145 154 167 164 165 174 150 150 162 149 151 160 170 182 163 149 160 173 174 155 141 152 173 163 158 164 159 168 175 171 203 222 206 199 201 198 183 163 155 144 146 149 154 159 164 167 169 167 167 167 165 160 155 149 146 130 134 144 163 186 204 214 218 206 213 203 168 142 150 174 186 206 212 209 205 216 223 190 145 156 189 201 215 218 218 229 217 209 187 168 161 156 148 145 149 141 149 144 153 154 147 153
136 137 143 147 136 116 103 102 89 105 97 78 83 97 98 95 89 97 112 97 121 170 179 195 211 221 219 211 228 213 166 168 164 165 166 165 161 156 153 151 141 189 171 154 147 145 128 160 154 142 165 148 161 193 165 165 160 157 161 150 146 160 164 162 162 166 160 169 180 156 138 158 163 154 154 151 157 167 164 166 134 146 153 164 159 160 168 144 168 180 165 153 145 147 165 160 169 162 159 161 156 150 154 164 152 154 165 167 177 177 168 193 219 208 202 202 195 178 164 161 162 164 167 172 177 181 185 187 185 185 185 183 179 174 168 165 149 148 150 161 178 194 204 208 194 194 173 148 148 163 176 184 203 210 211 211 226 235 206 165 158 176 185 208 215 207 214 209 218 217 202 173 153 150 151 149 145 151 142 149 151 147 158
121 137 152 156 151 135 110 88 89 96 89 90 103 96 87 100 90 101 109 102 108 144 177 186 203 220 223 208 224 220 175 164 176 172 166 160 156 154 152 152 145 169 149 146 158 157 137 158 155 142 167 161 167 178 145 149 145 144 149 154 146 158 174 154 162 154 155 169 171 154 148 160 162 157 145 148 155 161 172 171 145 155 160 168 160 159 167 143 148 160 156 153 151 157 174 174 173 158 148 151 156 156 160 167 164 159 156 151 162 169 176 207 215 211 206 204 191 171 167 170 178 180 184 188 193 198 201 203 202 203 203 201 198 193 188 185 175 169 162 163 171 181 188 190 187 188 158 136 150 162 167 181 202 209 212 216 230 237 210 174 147 149 157 189 206 204 213 217 218 227 225 206 186 173 161 150 165 165 148 149 150 153 172
120 137 150 155 165 164 129 86 81 93 90 93 110 101 85 91 102 112 110 107 97 122 176 183 204 218 224 212 223 219 175 159 162 157 153 153 155 157 157 155 143 141 156 163 141 146 160 160 136 161 158 165 163 155 161 140 146 145 149 165 153 161 183 148 159 143 154 174 167 155 156 158 161 163 145 152 158 156 171 163 161 170 171 176 166 164 171 147 150 153 154 160 167 167 162 150 161 152 149 154 156 156 162 173 153 156 156 160 171 171 175 200 213 215 208 205 187 164 172 179 185 187 190 195 200 204 208 210 209 210 210 209 207 202 198 195 196 188 180 175 176 176 173 170 170 179 152 132 148 156 163 193 205 209 212 216 227 227 200 168 151 144 145 165 186 198 210 216 223 215 216 224 221 202 183 175 145 155 151 160 160 149 151
112 134 149 153 166 175 150 110 89 104 94 79 92 107 99 88 112 123 119 119 103 114 168 174 210 213 224 220 225 215 172 157 154 151 151 156 163 166 162 156 151 152 164 150 136 159 171 135 135 171 156 149 151 160 172 133 160 156 159 174 163 168 185 146 157 138 156 179 169 157 160 157 163 166 151 159 162 154 161 149 168 175 174 176 165 163 170 146 164 158 159 162 164 159 146 139 162 153 151 159 161 156 154 158 154 159 154 161 172 171 182 205 213 218 206 205 184 161 177 186 190 192 195 200 205 209 213 215 215 216 217 217 214 211 207 204 208 203 198 194 190 182 170 160 146 154 132 121 145 154 166 203 205 208 213 220 228 223 198 172 175 167 157 149 161 183 192 192 225 212 205 211 215 211 209 212 200 192 163 152 148 151 175
88 123 149 152 156 168 164 147 120 98 89 99 102 99 99 101 121 126 112 104 91 100 147 165 206 207 223 223 226 216 177 158 167 162 159 163 170 171 163 154 159 152 139 133 171 177 164 145 154 147 160 157 152 151 146 164 159 153 154 161 156 163 167 137 163 144 157 178 169 158 163 162 165 165 157 161 162 156 153 143 165 170 168 169 158 155 164 141 159 152 157 153 149 149 152 170 175 159 150 158 165 158 145 138 166 168 150 153 166 169 193 220 215 221 202 202 184 161 183 190 196 198 202 206 211 216 220 221 222 223 225 225 224 221 217 215 215 213 211 210 206 195 180 168 158 150 124 117 136 143 151 177 204 206 214 226 234 227 205 185 176 171 165 145 149 173 178 179 200 211 213 205 201 208 215 215 217 222 212 215 210 198 202
63 101 136 146 150 162 169 168 158 101 91 116 107 96 108 119 134 133 113 97 93 100 133 162 191 201 223 219 222 227 192 161 179 168 158 158 165 168 163 155 147 137 148 156 175 153 164 185 153 129 145 171 167 143 146 190 156 148 150 147 152 165 155 139 177 157 157 169 163 157 165 176 168 159 158 153 156 160 152 152 163 168 165 166 155 154 164 142 169 153 157 150 144 144 146 170 172 157 148 154 159 154 149 148 156 167 157 170 183 177 195 213 219 222 196 199 185 163 188 191 198 199 203 208 212 217 221 222 224 225 227 228 227 224 221 219 223 220 217 216 215 209 198 189 188 170 147 134 129 125 136 158 205 206 214 226 231 220 198 182 162 157 165 154 153 164 161 171 175 192 204 203 202 207 208 204 219 224 213 217 215 207 215
51 83 117 138 152 165 171 169 181 132 108 92 75 108 143 129 142 148 137 125 128 126 134 162 176 197 223 214 218 238 206 164 178 163 148 146 155 163 163 158 167 133 160 165 159 159 186 156 163 168 136 164 172 149 164 139 168 159 162 151 164 183 163 158 190 167 156 160 158 154 168 187 170 154 156 145 149 163 155 164 167 172 168 169 159 159 169 148 173 149 152 152 155 154 141 153 154 149 149 152 149 148 160 177 168 174 154 163 176 175 203 226 222 223 192 197 186 165 191 191 193 195 199 203 208 213 216 218 220 221 223 224 224 221 218 216 229 224 219 217 218 217 212 207 197 184 173 157 130 119 142 172 209 207 213 223 222 205 181 166 161 154 170 168 158 148 136 152 178 171 174 190 203 205 206 210 214 221 213 219 220 215 224
39 62 96 126 146 158 164 168 175 170 153 135 135 154 171 177 168 168 167 164 159 153 147 144 167 170 207 231 221 224 222 191 169 156 136 160 168 150 157 155 144 142 151 148 169 193 174 163 133 159 156 154 148 173 162 150 163 155 148 170 166 167 151 156 163 170 154 172 147 156 176 176 179 157 159 152 141 157 174 149 161 165 150 153 166 176 177 151 148 152 150 170 155 160 158 177 171 162 153 151 156 159 158 155 174 148 147 159 164 185 217 231 204 221 205 186 157 184 187 186 196 205 206 198 196 204 210 210 231 221 213 214 223 230 229 225 222 226 229 227 221 217 217 219 211 198 178 159 148 147 152 156 193 198 209 220 223 212 191 175 173 160 167 171 152 148 162 167 140 146 150 182 194 181 188 184 212 210 209 213 220 224 223
39 57 84 110 131 148 163 172 168 167 159 148 152 171 185 189 181 182 182 181 178 174 169 166 172 180 211 227 217 221 229 217 178 161 154 154 159 159 151 150 150 152 158 152 166 177 163 168 148 145 159 152 162 157 167 158 164 165 164 167 165 150 152 149 171 167 158 174 151 157 165 169 159 158 163 161 138 155 169 163 143 155 145 147 153 159 167 150 142 155 151 163 147 162 158 168 170 165 160 159 161 159 152 145 163 156 157 167 182 205 220 220 216 219 199 182 157 182 181 169 162 171 173 164 162 170 176 176 181 190 203 216 224 227 226 225 227 228 228 223 217 216 220 224 216 209 199 187 176 168 163 161 167 184 205 215 209 193 179 170 170 172 173 163 154 162 169 162 167 146 121 145 177 186 185 164 188 187 189 196 207 215 216
70 60 58 80 117 147 157 156 162 169 171 170 179 195 204 204 202 202 202 200 197 192 187 184 163 179 207 223 219 218 225 228 199 165 163 154 156 161 143 157 167 170 168 158 162 155 144 165 172 143 157 163 162 145 162 160 158 171 174 162 164 141 161 149 175 160 166 177 154 155 153 165 150 159 151 163 146 171 164 160 139 155 152 154 154 155 168 162 142 152 161 146 152 155 164 156 161 160 161 164 166 163 155 148 170 171 161 160 189 219 227 223 223 208 187 170 147 168 166 142 142 151 152 144 142 150 156 156 163 165 165 163 166 183 211 232 228 228 227 222 216 216 222 228 217 218 219 214 204 188 172 163 154 172 193 204 199 185 171 164 172 177 169 159 164 170 166 162 139 150 148 149 149 151 162 159 177 176 178 186 197 205 207
61 52 55 87 135 169 175 168 168 180 190 194 203 215 217 212 219 218 217 213 207 200 194 190 147 165 191 215 224 217 213 217 221 172 156 161 163 152 148 177 182 181 167 160 162 145 135 159 185 155 153 178 146 148 154 157 150 170 165 158 161 152 173 155 165 152 177 180 154 149 149 172 147 164 148 166 150 177 154 154 145 157 153 159 160 158 172 168 154 148 172 138 169 145 169 153 150 152 156 162 166 168 167 166 176 177 161 164 201 224 223 223 216 195 177 158 135 146 147 123 139 148 150 142 139 147 154 154 148 151 154 151 150 157 173 186 217 222 226 225 222 220 223 226 216 220 225 224 214 197 178 166 168 170 177 187 192 187 174 162 175 171 157 160 175 166 154 164 140 150 149 146 149 154 150 134 171 168 167 172 179 184 183
68 85 113 144 169 184 189 189 186 198 209 212 218 225 222 214 223 223 223 221 217 211 206 203 156 157 171 199 219 217 211 214 227 191 155 166 169 155 171 188 178 171 156 159 166 154 150 163 174 154 155 171 141 156 164 157 158 172 154 159 156 167 169 153 149 149 186 178 150 142 154 183 140 170 164 176 142 161 146 157 149 152 144 155 161 157 166 160 168 155 165 155 172 151 162 159 154 155 156 158 161 166 172 177 171 171 168 189 224 225 207 207 206 189 175 152 134 133 139 126 137 146 148 140 137 145 152 152 150 156 163 168 166 161 156 152 197 209 223 231 230 225 222 221 220 223 226 224 217 204 191 182 183 177 172 171 175 175 171 166 169 165 153 157 172 162 149 157 158 154 146 140 151 164 151 131 153 150 148 151 157 161 159
138 148 164 179 191 199 205 208 205 215 221 220 222 227 224 215 221 222 224 224 223 219 216 214 181 158 156 181 200 209 219 226 219 213 177 175 177 175 192 178 160 155 149 161 166 165 174 170 151 142 159 151 153 158 179 161 175 173 156 161 152 170 154 150 142 153 187 170 145 139 165 182 147 166 166 173 143 157 150 151 160 158 148 162 167 158 165 161 173 167 151 176 159 166 150 162 165 166 164 160 157 159 167 173 181 175 178 203 225 219 204 203 195 184 170 145 144 135 140 141 142 151 153 144 142 150 156 156 159 158 156 155 156 158 162 165 178 194 215 230 233 228 223 220 228 229 228 226 222 215 209 205 191 188 180 167 156 154 161 169 157 166 162 155 160 163 155 148 145 155 172 164 156 156 148 151 149 146 146 150 157 161 160
172 170 172 186 205 221 227 226 218 225 226 220 221 227 227 220 224 223 222 219 214 208 202 198 187 151 150 173 179 192 217 227 216 220 207 194 194 198 187 161 153 155 162 172 157 159 181 161 143 143 157 148 158 157 169 156 179 162 168 159 155 163 147 161 149 165 181 157 144 141 175 166 154 154 162 164 145 158 163 148 163 164 158 170 166 150 160 166 172 171 152 170 154 168 149 152 163 167 169 167 161 159 164 169 192 188 197 212 217 218 213 202 180 171 149 126 153 140 138 146 147 156 158 150 148 155 162 162 145 153 160 160 156 157 166 175 167 183 205 222 228 228 227 226 227 227 228 227 226 223 220 219 207 203 191 174 158 153 157 164 157 163 170 165 156 160 160 150 153 148 165 169 172 170 152 155 166 162 159 161 166 168 165
159 171 190 207 216 217 213 209 224 228 226 218 218 226 229 225 230 227 221 211 199 187 176 170 173 138 149 175 168 176 206 215 220 215 227 215 212 210 170 152 159 168 182 184 147 146 174 144 147 157 151 161 151 158 144 146 172 146 176 155 160 157 150 179 160 175 174 147 144 145 180 150 144 146 172 166 139 146 172 162 151 158 156 165 152 130 146 159 169 166 165 149 159 158 157 140 151 160 170 172 168 165 167 171 185 195 219 230 224 227 217 187 165 155 126 105 154 141 131 140 143 152 153 145 143 151 157 157 152 165 174 168 156 158 179 200 163 177 197 213 222 226 230 233 219 221 224 225 226 224 222 220 229 215 197 183 175 169 162 156 165 157 171 180 162 153 159 160 167 150 160 160 160 163 160 181 178 173 166 164 163 161 155
172 184 201 211 214 213 215 217 220 218 217 216 218 221 224 227 220 219 217 185 169 163 152 178 167 156 148 153 172 193 205 210 224 213 224 220 212 196 163 158 167 172 173 161 154 166 169 154 178 159 174 159 160 153 167 155 168 180 155 153 168 160 155 151 164 171 171 158 153 163 168 160 167 155 156 164 144 167 156 159 149 156 177 163 150 147 136 154 175 174 164 149 147 157 163 162 166 175 172 155 145 155 172 182 210 226 217 207 222 216 184 166 160 140 118 129 132 136 154 140 139 143 149 153 153 148 142 138 158 171 166 150 151 168 171 156 168 180 212 202 187 190 189 214 223 217 219 225 225 219 221 229 226 221 214 207 196 181 162 148 148 158 151 152 178 189 177 172 172 172 162 162 147 153 178 158 155 157 161 164 163 156 145
196 204 212 214 212 216 228 238 233 229 222 215 209 206 204 204 220 210 190 172 176 173 157 162 157 153 149 149 159 176 196 208 226 212 222 224 219 200 165 159 156 172 158 151 171 166 156 175 168 161 166 158 164 154 170 161 169 173 149 151 163 152 151 154 161 180 153 168 143 177 154 161 166 154 157 163 144 165 156 160 157 155 164 156 145 149 157 167 158 165 167 161 161 166 164 156 164 155 154 163 170 171 176 184 222 231 215 202 212 208 184 170 152 132 114 126 133 139 153 134 139 143 149 153 153 149 144 140 147 155 174 177 169 163 161 171 184 190 189 184 175 168 174 177 188 213 228 222 218 226 228 221 224 220 215 211 205 193 178 166 160 155 155 165 168 154 151 168 184 162 156 170 167 163 167 152 173 174 173 169 161 154 149
215 217 219 219 218 220 225 228 188 185 180 176 173 172 173 173 204 197 169 164 176 170 159 152 158 159 158 154 154 168 193 212 223 212 220 226 226 210 174 158 164 162 152 158 169 158 155 177 165 171 154 151 164 152 175 172 172 166 142 150 158 143 149 160 164 175 154 149 161 170 154 157 165 153 160 161 145 161 156 160 158 149 152 160 150 157 177 167 173 174 166 153 151 161 166 163 156 154 159 168 171 172 185 202 218 227 220 212 215 202 172 154 138 124 115 127 134 144 152 132 140 144 149 152 153 150 146 143 155 149 172 176 170 166 162 188 187 188 161 168 170 162 175 160 176 186 204 220 226 225 223 225 222 219 217 216 215 208 197 187 169 163 163 165 167 174 176 167 179 152 151 160 166 177 179 180 169 155 143 146 158 164 157
216 217 220 224 224 214 197 183 165 164 163 163 165 169 173 176 174 187 166 165 168 153 157 157 157 157 154 149 148 160 182 200 211 216 221 222 227 223 191 159 184 149 160 174 148 149 169 158 156 178 152 159 172 153 169 164 177 162 141 154 156 139 153 169 168 172 153 140 173 167 153 157 163 151 163 159 145 157 156 160 156 147 150 173 164 165 184 153 160 168 171 167 166 169 165 156 160 169 169 160 161 182 205 216 216 220 219 215 209 189 160 140 124 122 128 134 134 145 154 140 142 144 148 152 153 152 150 148 163 152 167 163 166 177 164 176 185 180 161 167 174 172 175 161 180 166 169 196 220 225 224 226 223 220 218 218 219 215 207 199 173 163 160 152 146 162 166 142 160 157 171 159 161 184 182 187 170 156 146 153 170 179 173
213 220 227 224 209 188 169 159 179 177 173 169 167 167 168 169 154 178 167 167 163 145 154 160 147 143 137 134 137 147 161 170 192 217 222 213 220 231 210 166 184 154 164 171 144 153 174 158 150 179 158 175 180 157 158 147 179 162 147 161 157 142 161 174 168 181 139 159 160 180 143 163 160 149 166 156 145 151 156 160 164 152 152 174 164 164 179 145 154 163 169 167 170 176 174 166 169 167 162 163 183 209 221 219 224 213 205 197 182 166 152 141 116 125 144 142 132 146 157 151 143 145 148 151 153 154 154 153 156 151 168 169 171 171 154 157 182 173 179 172 172 174 158 157 172 169 161 161 186 219 230 222 227 222 219 218 218 215 208 201 173 155 159 163 143 137 154 164 158 167 188 178 179 183 159 155 162 168 173 172 165 161 162
218 227 228 208 177 158 159 169 175 171 166 161 157 156 155 156 154 169 163 164 168 157 152 154 144 142 139 138 140 145 152 157 176 211 216 208 214 229 223 184 169 171 158 153 165 164 165 182 167 181 156 168 161 155 159 156 173 161 153 166 155 145 167 172 173 176 149 163 166 172 151 168 158 147 169 154 146 147 156 161 175 159 153 160 153 159 171 153 177 178 170 158 157 167 173 171 164 161 172 196 215 220 222 227 214 197 191 186 165 147 138 130 117 129 151 141 130 149 158 153 144 146 148 151 153 155 157 158 159 159 164 171 162 147 153 171 162 155 175 167 166 173 154 162 165 165 162 160 168 189 211 224 229 224 219 218 218 216 210 204 178 170 167 162 152 156 171 180 171 165 166 175 190 180 154 154 154 160 166 167 163 160 160
223 219 205 180 156 149 159 172 169 167 164 162 161 162 164 165 159 164 165 163 173 169 149 152 143 150 157 155 148 145 151 158 168 198 204 209 212 218 227 209 176 176 155 156 176 163 159 195 172 171 156 165 148 161 164 166 161 158 157 165 151 147 169 164 179 168 167 163 176 159 164 171 157 146 171 153 146 143 156 161 169 157 158 153 151 159 159 159 165 173 174 169 169 174 173 165 176 181 197 217 224 218 216 221 200 180 179 178 152 131 126 118 126 127 144 130 127 156 156 143 145 146 148 150 153 157 160 161 163 172 157 160 152 144 174 183 155 154 158 160 163 167 164 166 158 155 162 175 174 169 183 207 229 224 219 219 221 221 218 214 194 197 176 148 147 158 158 154 172 168 148 158 179 172 167 173 176 167 159 164 176 184 181
222 201 174 157 153 156 158 158 167 165 161 158 157 157 158 160 160 162 174 166 174 172 146 155 131 149 163 160 144 135 143 155 165 187 194 212 213 207 225 227 200 166 160 177 170 153 163 187 151 152 164 186 164 175 160 151 152 155 158 163 146 146 169 156 178 175 160 186 159 170 160 178 156 145 173 152 146 141 156 161 152 149 164 158 160 165 149 156 151 155 154 152 163 186 202 206 210 210 208 209 219 226 215 196 205 175 165 159 130 117 125 126 134 125 133 119 126 161 154 132 146 146 148 150 153 157 161 163 152 180 155 156 160 167 195 168 176 176 154 159 162 156 166 154 144 159 171 173 177 181 178 169 228 224 220 221 225 227 226 223 208 208 191 174 166 153 159 189 159 184 163 158 168 162 166 164 186 174 161 156 160 166 167
184 178 169 162 158 159 163 166 151 146 147 170 161 146 161 148 136 163 190 151 164 164 157 158 163 150 182 133 164 144 128 143 163 155 180 210 213 214 222 220 226 203 176 163 164 168 165 159 160 175 174 157 157 173 174 159 160 153 137 155 163 150 159 155 190 185 166 161 168 156 156 182 138 155 182 140 160 150 169 144 166 166 158 159 168 161 158 174 172 162 158 166 175 185 203 221 216 211 206 206 209 209 205 201 179 172 150 123 113 120 125 122 129 125 122 129 159 147 158 133 144 140 152 157 146 151 163 158 174 172 151 145 170 185 173 160 156 166 163 155 162 169 160 148 177 173 160 175 174 155 162 162 199 219 227 220 220 227 226 221 218 214 204 185 167 157 158 163 145 159 164 160 162 143 169 168 167 162 160 164 171 173 166
178 173 167 160 156 155 156 158 151 156 159 166 164 163 168 158 154 166 188 171 167 160 157 173 141 139 164 141 168 151 130 134 146 168 170 183 216 214 206 229 229 222 207 186 168 163 171 181 169 180 174 155 153 168 171 159 165 162 154 160 164 161 166 165 173 175 168 169 174 159 149 166 151 157 169 140 154 151 167 154 155 158 155 160 169 160 154 167 161 166 166 164 174 196 211 214 219 215 210 206 203 196 184 176 157 139 121 118 124 128 125 122 127 126 126 132 156 145 156 139 143 144 152 154 149 152 160 161 167 173 168 167 173 165 156 162 155 152 161 162 159 173 176 154 189 173 151 164 172 162 167 161 177 212 231 225 221 219 219 225 218 216 207 191 173 161 158 159 153 169 167 173 164 158 173 177 157 161 169 177 180 175 164
171 168 164 160 155 152 150 148 146 158 164 154 161 174 167 165 159 163 176 174 150 153 152 166 128 150 164 159 154 139 134 146 144 150 163 175 187 206 219 218 218 227 231 217 194 176 174 179 154 170 176 168 167 172 164 147 158 156 160 155 153 158 159 167 179 170 156 158 170 164 153 158 166 159 151 143 148 155 163 164 153 157 157 164 173 162 153 164 158 167 172 175 186 205 215 215 220 217 213 209 202 188 170 157 148 128 117 125 130 122 115 116 125 129 133 137 150 143 155 147 141 149 152 151 154 153 156 164 158 160 162 175 186 170 155 164 150 169 159 153 176 177 162 167 173 175 168 172 164 153 165 172 173 216 236 231 226 215 212 228 218 218 213 201 184 168 159 155 159 174 164 176 155 158 160 167 158 166 177 182 180 173 167
166 166 164 161 157 153 148 146 139 146 153 139 153 167 152 167 164 167 165 167 138 161 158 149 149 173 161 168 142 136 144 156 140 137 154 162 162 194 221 207 215 218 221 221 214 201 186 176 190 187 172 150 144 154 161 159 158 148 160 153 147 151 149 172 185 167 149 153 170 174 162 151 172 159 140 155 151 161 157 167 165 167 162 165 173 162 156 168 170 169 179 197 208 210 215 224 215 213 211 208 201 186 166 152 126 124 126 131 128 124 129 139 124 132 140 142 144 142 153 156 140 154 152 149 158 155 153 167 159 165 166 173 182 169 155 162 173 156 168 176 160 168 175 151 168 170 170 173 171 164 164 164 194 220 224 222 230 222 214 226 218 220 218 211 196 179 163 154 169 176 170 172 155 154 151 155 168 174 178 175 169 168 174
164 164 163 162 159 156 153 151 144 139 143 137 151 157 145 172 179 172 159 171 152 173 166 149 166 171 140 163 148 155 155 144 130 153 143 135 164 184 190 206 222 212 204 205 213 217 212 204 183 185 180 170 164 164 161 155 171 153 164 163 157 155 155 185 168 165 167 171 173 174 164 150 167 156 141 168 159 166 152 163 176 173 160 158 165 158 157 174 185 185 196 213 221 218 218 224 209 205 199 193 184 169 151 138 124 133 134 125 120 127 136 139 126 134 143 145 140 146 151 163 141 155 153 150 159 156 154 168 169 192 191 171 158 147 146 157 163 176 162 159 181 171 152 165 161 173 183 172 158 157 166 179 205 199 186 193 218 227 222 226 219 220 221 218 207 190 171 158 174 171 179 168 170 162 165 166 171 176 178 175 169 168 175
160 159 158 157 157 157 158 159 158 146 144 146 154 154 155 177 178 160 146 171 169 161 157 153 145 151 138 165 151 158 157 142 140 145 141 138 151 168 179 188 204 204 207 212 219 225 227 227 224 211 190 170 161 165 174 180 176 163 163 162 160 161 166 184 158 169 183 175 154 157 170 170 159 156 150 176 166 167 151 159 175 170 156 154 163 161 165 185 196 208 215 216 219 224 221 212 203 193 178 164 153 141 128 119 134 139 133 121 121 131 132 123 131 136 142 146 137 152 151 167 144 152 154 154 157 156 158 167 176 193 183 159 153 153 154 160 166 145 157 174 165 168 175 162 171 174 178 160 152 164 172 184 191 164 149 163 189 211 224 226 220 220 222 222 216 201 181 167 159 151 169 156 170 166 171 173 165 171 177 180 178 174 172
153 151 149 148 150 155 160 164 167 159 150 152 150 154 171 173 157 154 150 166 175 144 150 157 139 146 157 169 145 146 158 156 157 133 143 153 139 152 175 168 179 191 208 220 224 224 223 224 237 232 224 215 201 184 172 166 177 182 168 158 161 175 187 177 163 169 177 161 137 149 175 177 153 158 161 174 166 163 155 161 169 168 160 165 180 181 186 207 210 219 222 217 215 217 211 200 194 178 157 139 130 125 122 119 120 126 131 136 140 144 144 142 137 137 140 146 137 159 151 168 147 148 156 159 153 156 164 165 175 176 161 153 165 168 164 169 156 157 150 160 177 167 156 169 184 163 155 151 176 200 175 151 177 147 147 159 158 178 212 222 220 219 220 222 220 209 191 177 152 145 157 151 158 165 159 164 168 169 170 174 177 176 171
148 145 141 140 144 152 160 166 166 166 153 151 142 152 181 163 144 167 172 167 180 146 161 166 167 157 165 161 142 147 163 161 154 152 140 142 154 147 147 171 175 182 193 204 211 216 218 219 218 217 220 224 223 217 212 212 186 209 185 164 172 198 214 181 162 159 165 158 145 161 173 157 152 160 169 169 164 158 160 164 166 170 170 182 201 204 209 228 223 217 217 221 216 203 196 198 185 168 144 127 122 126 131 135 122 132 151 163 155 141 142 155 140 137 138 145 137 164 151 167 149 145 157 162 151 156 168 163 173 173 165 165 167 156 155 175 168 153 154 168 167 158 155 155 142 161 192 184 178 183 163 156 175 151 166 172 140 150 199 217 220 219 219 222 223 214 198 184 168 162 162 164 154 170 149 158 180 171 161 161 167 174 175
152 154 154 151 148 151 158 165 157 147 151 152 145 148 164 155 154 152 148 173 181 163 160 151 149 172 160 161 167 152 156 165 142 148 157 144 149 149 130 149 154 159 187 197 208 217 203 207 222 220 218 217 219 223 228 232 233 216 219 224 216 221 224 207 181 184 172 164 168 164 160 168 161 161 162 163 164 164 165 166 186 193 203 212 217 221 224 226 221 207 219 216 184 181 193 180 152 141 136 137 133 122 121 128 139 129 130 142 148 143 144 152 146 144 142 142 146 153 160 165 142 144 145 159 168 152 153 184 185 159 159 159 164 167 156 170 154 166 174 169 154 144 148 156 150 177 170 163 148 144 171 172 166 155 184 165 149 157 153 195 232 219 224 228 215 211 211 199 184 161 147 152 159 157 157 163 176 173 169 169 169 165 157
149 154 158 158 155 154 157 161 161 152 151 150 149 152 157 153 145 156 157 170 166 151 156 153 145 182 161 152 157 152 165 155 155 142 146 156 161 147 133 147 147 150 175 185 196 208 200 205 220 219 218 218 219 221 223 225 236 221 224 228 222 226 229 214 188 192 181 173 178 174 169 178 163 166 171 178 186 193 198 201 217 219 222 222 219 215 212 210 217 206 211 206 180 172 172 157 138 130 121 119 127 137 140 137 130 132 138 146 147 143 141 144 146 144 142 141 145 152 159 164 158 155 155 163 167 161 169 192 173 153 160 167 175 172 151 153 158 162 166 166 165 165 169 173 191 169 151 144 151 161 162 164 162 159 171 150 148 171 171 186 222 221 224 223 216 215 211 199 178 162 150 152 161 167 169 171 154 161 166 164 158 157 164
146 153 161 163 160 155 154 155 161 157 148 148 155 160 150 153 145 169 172 171 156 146 159 159 151 181 157 147 149 148 164 151 159 144 143 166 167 150 146 141 140 142 158 166 177 190 189 196 210 212 214 217 218 218 217 217 232 222 224 228 224 227 229 220 212 217 208 201 206 202 196 204 203 204 207 210 214 217 220 221 225 225 226 226 225 222 218 216 209 200 194 185 170 157 145 132 112 119 123 128 143 155 143 121 134 149 161 161 155 152 151 149 147 145 142 141 145 151 158 163 163 157 158 160 156 162 176 184 179 159 154 154 160 164 156 161 171 167 164 165 169 171 169 166 179 159 168 154 146 151 152 186 175 170 159 148 154 168 170 164 205 223 225 216 218 220 211 201 180 171 158 152 161 172 174 168 152 156 162 167 168 163 154
147 152 158 158 154 150 151 153 156 156 145 147 159 171 149 159 156 182 181 173 159 155 169 163 165 163 155 147 146 148 151 158 152 154 155 171 161 151 161 137 141 140 146 150 157 167 173 179 191 195 202 208 212 213 212 211 221 218 219 221 221 223 225 222 227 233 225 220 226 221 215 222 229 228 226 224 221 219 217 216 220 218 217 219 222 223 220 217 196 186 170 158 154 144 130 122 136 134 128 123 130 141 143 136 140 161 171 161 150 153 157 155 150 147 144 143 146 151 158 162 165 158 164 165 156 167 179 172 158 158 165 167 164 159 153 153 163 163 164 167 170 168 162 157 158 149 160 160 161 165 163 178 172 165 148 162 167 157 163 159 187 220 224 211 219 224 212 203 189 183 167 151 155 168 166 153 149 150 155 164 172 171 161
151 153 152 148 143 143 148 153 148 152 146 152 159 179 151 168 165 181 173 168 165 164 171 156 171 147 163 144 141 161 145 161 147 158 165 176 155 142 161 148 148 147 141 141 144 148 157 160 169 174 183 192 199 203 204 204 211 215 216 217 221 221 222 226 221 228 222 219 225 220 213 220 213 213 214 214 214 214 214 214 226 218 209 205 204 201 194 187 179 167 148 138 138 136 130 127 127 134 149 159 153 138 129 131 138 155 159 144 133 140 151 154 155 152 149 147 149 154 160 164 172 167 177 182 174 179 183 168 150 165 173 169 157 149 156 161 142 152 166 174 175 172 168 166 149 162 155 159 162 165 176 166 141 150 146 170 173 158 171 169 172 210 221 212 220 225 214 206 190 183 166 149 152 163 160 147 165 166 163 156 150 154 166
155 155 153 147 141 141 148 154 146 150 154 163 152 179 150 172 162 166 155 162 168 166 164 145 164 146 171 141 138 176 157 156 153 154 163 176 156 133 148 166 155 155 142 141 140 139 149 149 153 157 164 172 180 186 189 191 200 211 211 211 218 218 218 229 217 226 222 220 227 222 214 219 212 212 213 213 214 214 215 215 218 206 192 186 184 180 171 162 159 148 140 135 130 133 138 134 145 142 145 147 137 128 141 164 146 152 151 141 135 141 153 161 162 159 155 152 153 158 163 167 171 166 173 183 182 177 171 161 162 177 171 158 143 144 167 176 152 162 174 180 177 171 166 164 164 179 158 153 151 153 175 161 132 159 162 167 161 155 168 159 163 196 216 218 221 223 216 210 187 176 160 151 155 163 161 154 178 173 164 156 151 153 160
157 160 160 156 150 148 150 154 151 153 167 175 143 172 145 167 157 156 147 165 175 164 160 145 156 150 161 151 148 174 173 153 158 154 160 161 154 139 140 171 156 158 144 145 144 139 151 148 148 149 151 154 159 165 170 173 181 196 196 195 205 203 203 219 215 225 222 221 229 224 215 220 221 220 217 214 211 208 205 204 198 185 172 167 171 171 163 154 142 134 144 147 132 134 143 133 133 140 148 150 144 139 141 148 153 149 148 150 151 152 158 167 168 165 160 157 158 162 167 171 173 165 161 173 181 167 156 161 161 178 169 164 159 159 171 161 174 171 168 167 168 165 158 153 188 169 144 146 163 172 165 147 156 172 170 160 148 145 152 149 159 180 212 226 222 219 219 213 196 178 161 158 161 161 159 158 154 150 148 155 166 171 168
158 163 169 168 161 155 152 153 158 157 177 184 136 165 140 161 156 154 151 175 183 166 162 153 156 151 145 166 164 163 182 157 158 159 161 143 147 153 141 165 154 158 144 149 148 143 156 151 149 147 145 144 146 151 156 159 161 180 179 177 188 187 186 205 205 215 213 213 221 215 206 211 207 206 204 200 197 194 191 190 193 179 163 159 162 163 155 146 133 127 152 161 136 135 144 128 146 149 143 131 130 140 144 140 147 137 138 151 157 152 152 160 172 168 164 161 161 165 170 173 187 174 161 173 187 169 156 174 183 185 157 148 153 165 182 167 174 159 145 146 158 166 162 155 163 151 168 168 165 163 150 167 172 163 159 155 147 141 147 162 157 171 209 232 222 216 220 215 212 187 168 166 166 157 152 155 148 151 153 153 152 155 163
158 156 154 154 155 156 157 158 154 157 158 153 146 146 154 162 158 152 151 158 169 172 163 152 144 154 171 172 169 154 171 141 155 155 156 157 158 158 159 159 155 143 145 137 164 156 158 146 156 156 149 155 167 155 141 149 154 148 160 152 151 160 153 164 179 178 187 199 201 191 184 186 191 188 182 175 168 161 157 155 151 169 180 173 159 150 154 164 148 153 148 134 132 142 144 137 149 145 144 149 156 158 152 145 160 155 151 151 154 154 150 145 157 158 165 170 164 154 156 167 176 174 182 189 172 149 161 192 160 146 145 155 176 187 175 168 151 134 160 162 151 163 159 153 166 165 162 159 157 156 156 156 146 156 157 150 151 162 163 155 165 142 174 217 218 225 233 211 212 200 185 174 163 155 155 160 156 156 157 158 159 159 160
164 158 154 159 167 164 149 135 157 160 160 155 150 150 156 162 141 151 164 173 174 167 158 151 150 167 167 169 155 153 164 152 158 158 158 157 157 157 157 157 158 152 150 142 169 161 159 152 168 152 166 169 150 162 170 137 145 135 145 148 160 169 154 151 156 155 163 175 178 169 165 168 162 160 157 157 160 167 175 180 175 192 186 165 158 156 149 146 152 153 150 144 142 145 145 142 139 139 142 147 153 155 152 149 150 156 160 157 149 146 150 157 144 148 162 179 182 174 172 178 165 170 187 199 181 152 151 170 159 180 174 177 175 167 170 148 151 152 157 155 159 161 154 159 157 163 172 178 177 169 159 151 161 165 164 160 160 163 163 159 163 147 173 210 219 225 229 214 213 201 186 172 161 154 154 156 157 157 157 158 159 160 160
161 152 146 150 160 166 162 156 162 164 163 160 155 154 158 162 157 158 159 159 160 162 165 167 153 178 163 163 143 153 157 166 162 161 160 158 157 156 154 154 161 161 154 147 173 166 158 159 143 169 156 149 179 181 164 174 136 124 131 150 181 203 192 183 172 165 161 160 150 131 120 120 124 133 148 164 176 184 188 188 184 198 177 151 159 168 157 150 156 153 153 157 155 149 147 149 147 152 156 157 154 151 151 152 156 155 154 156 158 159 158 157 166 163 170 186 195 191 189 191 175 181 198 209 193 163 153 163 190 183 189 154 153 183 168 166 156 172 154 151 165 157 153 164 173 165 154 146 147 155 166 174 169 164 163 164 162 157 155 158 158 155 170 199 219 225 222 217 213 204 188 171 159 154 153 152 158 158 159 159 160 161 161
150 152 152 150 150 157 168 178 167 167 166 164 161 159 160 160 158 154 154 163 174 175 165 153 146 174 165 156 148 154 157 175 164 164 162 159 157 155 153 152 160 165 154 149 169 164 154 159 171 153 158 171 168 167 170 165 154 144 144 162 192 212 210 202 207 194 179 165 140 109 89 83 114 130 154 178 194 198 195 191 200 202 173 147 155 157 147 149 144 138 141 152 151 139 135 140 148 155 162 161 155 150 152 157 163 158 155 159 167 171 168 163 180 167 162 174 188 194 200 207 205 206 214 219 204 180 170 175 176 196 169 170 170 166 183 153 164 177 154 156 163 153 161 163 158 156 152 151 152 156 161 165 160 151 150 157 156 146 145 154 154 161 167 187 217 224 217 219 213 207 191 170 158 156 155 151 159 159 160 161 161 162 163
152 158 164 162 156 152 156 161 171 169 167 166 165 162 159 157 161 156 155 163 174 176 167 156 138 160 170 152 163 158 162 172 165 164 162 160 157 155 153 152 156 161 151 151 158 158 148 153 173 154 157 167 162 160 164 159 150 155 163 181 199 208 210 205 216 203 189 174 147 114 91 84 125 136 156 176 192 201 204 204 199 185 160 149 152 144 144 162 155 149 153 164 164 153 149 155 144 152 161 161 157 154 157 162 160 166 171 170 166 165 171 177 159 148 148 165 185 198 208 217 220 221 226 228 217 196 180 175 180 171 193 168 155 164 146 167 170 167 157 165 155 151 172 158 148 155 165 173 174 169 161 155 150 141 142 152 153 145 146 156 151 165 164 177 212 223 215 220 212 211 195 171 159 162 161 153 160 161 161 162 163 164 164
162 158 154 153 155 159 161 162 172 169 166 166 167 164 157 151 166 164 161 158 159 164 171 176 141 150 172 154 170 164 163 161 163 162 161 160 158 157 156 155 155 154 149 156 145 152 147 146 149 171 152 140 168 171 157 168 145 166 184 207 216 213 217 213 217 206 195 183 157 122 96 86 120 135 159 183 200 207 207 205 193 163 147 152 151 146 156 172 165 162 164 169 170 166 165 168 173 176 178 176 170 164 161 161 165 166 168 168 167 167 169 170 155 155 167 189 205 208 211 216 213 218 226 232 224 203 177 160 172 176 151 161 160 149 174 169 167 155 159 167 152 155 172 155 158 158 158 159 159 159 160 160 150 147 149 154 156 155 156 161 151 165 163 170 204 221 217 219 211 213 199 173 163 170 171 160 162 162 163 163 164 165 166
165 159 150 145 147 156 168 176 172 168 165 165 167 163 154 146 155 160 167 172 172 170 167 165 157 153 168 160 161 171 159 147 160 160 160 159 159 159 159 159 158 149 150 164 136 149 151 142 170 151 160 161 144 163 178 150 174 191 196 210 211 204 215 212 222 214 206 196 168 129 97 85 128 145 172 198 213 215 209 203 214 168 152 157 149 151 159 149 145 148 147 144 145 150 153 151 182 180 178 178 178 174 168 163 168 161 155 157 164 166 160 154 163 169 186 206 214 210 211 218 213 216 221 223 220 204 178 157 156 146 158 159 176 192 166 153 155 151 160 160 158 162 159 159 154 155 156 156 155 153 150 148 156 159 160 156 157 161 161 158 152 163 162 167 196 219 220 217 209 215 202 175 167 179 181 169 163 163 164 164 165 166 167
161 168 170 161 148 143 152 164 171 167 163 164 166 163 152 143 173 163 154 157 168 175 173 168 173 159 163 165 149 175 153 138 157 158 158 159 160 161 161 162 161 147 153 171 132 149 155 141 155 152 144 151 170 169 168 183 179 186 174 182 188 194 221 225 220 215 212 205 180 141 109 95 159 169 185 200 211 216 216 214 217 165 150 156 151 169 175 142 148 154 152 141 143 156 160 155 145 143 146 157 171 179 177 172 155 159 160 157 151 148 150 153 150 156 173 191 198 201 213 229 225 222 215 211 210 204 186 168 162 173 165 157 163 175 173 149 145 152 160 151 166 169 146 164 169 166 161 156 154 155 157 158 158 166 165 155 153 160 159 149 153 161 161 166 191 218 223 215 208 216 204 177 170 185 187 174 163 164 164 165 166 167 167
156 153 150 148 150 155 161 165 146 162 162 161 176 177 163 156 163 161 168 157 162 179 174 175 170 166 164 167 171 169 160 152 156 155 168 160 154 155 146 153 170 158 151 155 157 152 149 153 152 157 157 168 185 180 165 166 149 169 164 177 184 178 206 233 223 218 215 209 184 145 113 99 157 176 199 213 215 215 219 224 207 163 154 152 146 149 148 157 142 144 148 151 154 156 157 158 149 155 161 161 156 151 149 150 160 156 153 155 159 161 158 154 163 179 154 175 190 197 204 230 216 220 217 211 210 211 201 186 163 158 143 155 154 169 159 157 167 149 165 163 153 167 170 168 171 161 153 154 162 166 162 156 159 161 162 158 153 151 154 158 163 164 159 173 207 220 215 216 211 213 191 178 160 180 188 198 190 177 163 161 169 177 178
157 154 150 148 150 155 161 165 149 163 161 158 172 176 164 159 162 161 169 158 161 178 174 176 173 170 167 168 170 167 158 150 156 155 168 160 155 156 147 154 173 161 155 160 163 159 158 162 179 177 168 169 175 160 141 143 148 166 161 171 177 171 197 224 226 221 219 214 191 153 121 108 157 176 199 213 215 215 219 224 206 162 154 152 146 149 148 158 167 168 169 172 173 175 175 176 149 155 160 160 155 151 150 151 161 157 154 155 159 161 158 154 162 173 156 182 189 198 207 224 223 226 223 216 214 213 202 186 176 172 160 174 173 186 173 169 167 150 165 162 154 167 169 168 171 161 153 154 162 166 162 156 158 161 162 159 154 152 154 158 163 164 159 173 207 221 216 217 211 213 191 178 160 180 188 198 200 192 182 176 176 177 176
159 156 152 149 150 154 160 164 154 165 159 153 167 174 166 164 161 161 170 158 161 177 174 177 179 175 171 169 168 163 155 148 155 154 167 160 155 157 148 156 175 164 159 166 171 169 169 173 162 159 152 158 170 162 154 165 148 163 158 163 168 163 186 215 227 223 223 219 198 162 132 120 158 176 200 213 216 216 219 224 205 161 153 152 147 150 149 159 146 146 145 145 145 145 146 146 148 154 158 158 154 151 151 154 162 158 155 156 159 160 157 153 161 163 159 192 188 198 212 215 217 220 217 209 205 202 188 171 169 168 160 177 176 186 169 162 165 152 164 160 155 167 167 169 171 161 153 154 162 166 162 156 157 161 163 161 155 152 154 157 164 165 160 174 207 221 216 217 211 213 191 178 160 180 188 198 209 209 205 197 186 178 175
